name,target,predicted,0_prob,1_prob
G0548465.JPG,0,0,24.42465,-21.397114,
G0548466.JPG,0,0,27.07791,-24.804712,
G0548467.JPG,0,0,23.98054,-22.159864,
G0548468.JPG,0,0,23.648558,-22.307537,
G0548469.JPG,0,0,17.528368,-15.523419,
G0548470.JPG,1,1,-10.751787,14.856546,
G0548471.JPG,0,0,16.796165,-14.178113,
G0548472.JPG,0,0,28.773375,-28.726692,
G0548473.JPG,0,0,25.266453,-24.525682,
G0548474.JPG,0,0,24.339836,-23.20828,
G0548475.JPG,0,0,25.256907,-24.210047,
G0548476.JPG,0,0,21.92396,-20.827044,
G0548477.JPG,1,1,-9.273701,13.002024,
G0548478.JPG,0,0,5.0197625,-1.7972491,
G0548479.JPG,0,0,26.816275,-26.98905,
G0548480.JPG,0,0,24.44216,-23.369059,
G0548481.JPG,0,0,32.15939,-32.707558,
G0548482.JPG,0,0,22.601122,-21.367182,
G0548483.JPG,0,0,21.737577,-20.64691,
G0548484.JPG,1,1,-10.463588,13.951233,
G0548485.JPG,0,0,16.903849,-14.5998,
G0548486.JPG,0,0,23.36474,-22.674643,
G0548487.JPG,0,0,27.641417,-27.542456,
G0548488.JPG,0,0,25.214266,-23.95893,
G0548489.JPG,0,0,26.423939,-25.586653,
G0548490.JPG,0,0,13.909373,-12.098877,
G0548491.JPG,1,1,-13.466043,16.583736,
G0548492.JPG,0,0,13.701306,-11.205641,
G0548493.JPG,0,0,14.407038,-13.1697445,
G0548494.JPG,0,0,30.516603,-30.922216,
G0548495.JPG,0,0,23.920942,-22.456102,
G0548496.JPG,0,0,27.831707,-27.737562,
G0548497.JPG,0,0,18.491087,-16.779299,
G0548498.JPG,1,1,-11.751946,14.788885,
G0548499.JPG,0,0,16.198711,-14.04837,
G0548500.JPG,0,0,16.785181,-15.751921,
G0548501.JPG,0,0,26.200653,-25.207468,
G0548502.JPG,0,0,22.951654,-21.916508,
G0548503.JPG,0,0,20.185448,-18.362947,
G0548504.JPG,0,0,8.006772,-5.6875973,
G0548505.JPG,1,1,-11.818743,14.62919,
G0548506.JPG,0,0,21.132074,-20.185377,
G0548507.JPG,0,0,24.92378,-25.298069,
G0548508.JPG,0,0,21.313435,-20.548485,
G0548509.JPG,0,0,24.628874,-23.314308,
G0548510.JPG,0,0,26.199936,-25.75727,
G0548511.JPG,1,0,3.6091223,-0.29400086,
G0548512.JPG,0,1,-2.8885431,5.9903107,
G0548513.JPG,0,0,17.169516,-15.466906,
G0548514.JPG,0,0,30.814045,-30.657942,
G0548515.JPG,0,0,16.614431,-14.608944,
G0548516.JPG,0,0,21.90954,-20.03813,
G0548517.JPG,0,0,26.611101,-26.116661,
G0548518.JPG,0,0,2.3712656,1.2834463,
G0548519.JPG,1,1,-2.402522,5.74947,
G0548520.JPG,0,0,26.779013,-27.344322,
G0548521.JPG,0,0,22.764612,-22.0129,
G0548522.JPG,0,0,20.26955,-18.328823,
G0548523.JPG,0,0,20.945864,-19.18717,
G0548524.JPG,0,0,13.0215025,-10.008171,
G0548525.JPG,1,1,-10.173871,14.175279,
G0548526.JPG,0,0,13.973477,-11.853274,
G0548527.JPG,0,0,27.45316,-28.214148,
G0548528.JPG,0,0,21.361126,-20.41414,
G0548529.JPG,0,0,32.62838,-32.703976,
G0548530.JPG,0,0,32.942627,-33.64193,
G0548531.JPG,0,0,21.188715,-19.96499,
G0548532.JPG,1,1,-1.291683,5.113854,
G0548533.JPG,0,0,6.568152,-3.2785056,
G0548534.JPG,0,0,18.330095,-16.77157,
G0548535.JPG,0,0,20.163048,-18.525465,
G0548536.JPG,0,0,29.19969,-29.53685,
G0548537.JPG,0,0,15.626788,-12.736356,
G0548538.JPG,0,0,13.114593,-10.988684,
G0548539.JPG,1,1,-11.234836,14.050307,
G0548540.JPG,0,0,21.032,-19.829546,
G0548541.JPG,0,0,23.294443,-23.627192,
G0548542.JPG,0,0,27.520864,-27.531733,
G0548543.JPG,0,0,27.781675,-27.90077,
G0548544.JPG,0,0,24.922913,-24.183882,
G0548545.JPG,0,0,13.845924,-11.584679,
G0548546.JPG,1,1,-9.584798,13.04742,
G0548547.JPG,0,0,13.638946,-11.518332,
G0548548.JPG,0,0,23.256565,-22.589891,
G0548549.JPG,0,0,20.710402,-18.92333,
G0548550.JPG,0,0,21.192057,-19.514292,
G0548551.JPG,0,0,28.17344,-28.189234,
G0548552.JPG,0,0,6.364772,-3.797531,
G0548553.JPG,1,1,-8.533932,11.828585,
G0548554.JPG,0,0,14.424222,-13.0031395,
G0548555.JPG,0,0,26.663424,-26.555475,
G0548556.JPG,0,0,26.786882,-26.990267,
G0548557.JPG,0,0,26.2885,-26.360743,
G0548558.JPG,0,0,27.73762,-27.909857,
G0548559.JPG,0,0,13.466255,-11.142544,
G0548560.JPG,1,1,-10.62109,13.802209,
G0548561.JPG,0,0,21.78852,-20.870968,
G0548562.JPG,0,0,23.95336,-23.44827,
G0548563.JPG,0,0,27.895176,-27.477367,
G0548564.JPG,0,0,22.535517,-21.351902,
G0548565.JPG,0,0,21.125673,-19.761606,
G0548566.JPG,1,1,-7.888126,11.888767,
G0548567.JPG,0,0,9.267426,-6.8376837,
G0548568.JPG,0,0,27.266895,-28.580072,
G0548569.JPG,0,0,29.055779,-29.336876,
G0548570.JPG,0,0,28.956491,-28.806913,
G0548571.JPG,0,0,28.824251,-28.729694,
G0548572.JPG,0,0,23.133677,-22.04104,
G0548573.JPG,1,1,-11.621924,15.331486,
G0548574.JPG,0,0,12.351898,-9.854244,
G0548575.JPG,0,0,26.494354,-26.26726,
G0548576.JPG,0,0,22.16118,-21.189552,
G0548577.JPG,0,0,26.075737,-25.080143,
G0548578.JPG,0,0,22.205994,-20.484097,
G0548579.JPG,0,0,13.074504,-10.39638,
G0548580.JPG,1,1,-10.458537,14.387995,
G0548581.JPG,0,0,20.583582,-19.73813,
G0548582.JPG,0,0,25.426958,-24.712797,
G0548583.JPG,0,0,26.870373,-26.749441,
G0548584.JPG,0,0,30.897966,-31.074665,
G0548585.JPG,0,0,27.077011,-26.628635,
G0548586.JPG,0,0,10.84423,-7.8922777,
G0548587.JPG,1,1,-7.2656584,10.958708,
G0548588.JPG,0,0,20.753065,-19.637104,
G0548589.JPG,0,0,19.206491,-18.577858,
G0548590.JPG,0,0,24.326485,-23.841532,
G0548591.JPG,0,0,23.730042,-22.472668,
G0548592.JPG,0,0,23.309912,-22.494041,
G0548593.JPG,0,0,9.700181,-6.797547,
G0548594.JPG,1,1,-13.91635,16.565302,
G0548595.JPG,0,0,20.57604,-19.799416,
G0548596.JPG,0,0,33.276558,-34.337048,
G0548597.JPG,0,0,22.893114,-21.82919,
G0548598.JPG,0,0,22.64174,-21.602324,
G0548599.JPG,0,0,27.542028,-27.431747,
G0548600.JPG,0,0,9.899677,-7.122525,
G0548601.JPG,1,1,-5.112872,8.296333,
G0548602.JPG,0,0,16.860611,-15.8766,
G0548603.JPG,0,0,24.672413,-24.019722,
G0548604.JPG,0,0,27.003428,-26.834608,
G0548605.JPG,0,0,29.162752,-29.31271,
G0548606.JPG,0,0,23.223333,-22.339327,
G0548607.JPG,1,1,0.40492064,2.9749722,
G0548608.JPG,0,0,6.677488,-3.6417196,
G0548609.JPG,0,0,21.310537,-21.595255,
G0548610.JPG,0,0,29.22988,-29.216578,
G0548611.JPG,0,0,22.535093,-21.407671,
G0548612.JPG,0,0,30.19671,-30.266054,
G0548613.JPG,0,0,21.641935,-20.375021,
G0548614.JPG,1,1,-3.8329704,7.8365297,
G0548615.JPG,0,0,10.484543,-7.5178995,
G0548616.JPG,0,0,21.305626,-20.081556,
G0548617.JPG,0,0,17.679663,-15.512346,
G0548618.JPG,0,0,21.951862,-20.157074,
G0548619.JPG,0,0,19.403982,-16.996504,
G0548620.JPG,0,0,17.580173,-15.426252,
G0548621.JPG,1,1,-7.8414497,11.932394,
G0548622.JPG,0,0,23.29943,-21.9219,
G0548623.JPG,0,0,23.995373,-24.547709,
G0548624.JPG,0,0,23.830645,-23.662249,
G0548625.JPG,0,0,28.507147,-29.04455,
G0548626.JPG,0,0,30.12275,-30.44873,
G0548627.JPG,0,0,12.714168,-10.716117,
G0548628.JPG,1,1,-9.260332,13.218823,
G0548629.JPG,0,0,15.522946,-13.85952,
G0548630.JPG,0,0,22.85843,-21.944954,
G0548631.JPG,0,0,21.7383,-20.400715,
G0548632.JPG,0,0,23.605148,-22.498709,
G0548633.JPG,0,0,22.510946,-20.98544,
G0548634.JPG,0,0,8.147923,-5.0247307,
G0548635.JPG,1,1,-5.6728435,9.1224,
G0548636.JPG,0,0,26.121874,-25.727005,
G0548637.JPG,0,0,29.426914,-30.246925,
G0548638.JPG,0,0,29.979143,-29.674688,
G0548639.JPG,0,0,26.750656,-26.28613,
G0548640.JPG,0,0,28.76556,-29.311295,
G0548641.JPG,0,0,15.851778,-13.660827,
G0548642.JPG,1,1,-9.46289,13.0906315,
G0548643.JPG,0,0,22.722136,-21.499847,
G0548644.JPG,0,0,26.305965,-26.574394,
G0548645.JPG,0,0,23.477943,-22.759462,
G0548646.JPG,0,0,17.203735,-15.424571,
G0548647.JPG,0,0,22.654919,-21.441578,
G0548648.JPG,1,1,-8.343214,12.174735,
G0548649.JPG,0,0,4.896822,-1.709538,
G0548650.JPG,0,0,30.451094,-31.64805,
G0548651.JPG,0,0,24.598831,-24.781782,
G0548652.JPG,0,0,22.032324,-20.20658,
G0548653.JPG,0,0,31.208485,-31.201117,
G0548654.JPG,0,0,18.864202,-17.17493,
G0548655.JPG,0,0,2.349458,1.4078314,
G0548656.JPG,1,1,-3.3618495,6.829126,
G0548657.JPG,0,0,10.779789,-10.250904,
G0548658.JPG,0,0,26.960833,-26.628387,
G0548659.JPG,0,0,23.96763,-23.052073,
G0548660.JPG,0,0,24.894108,-23.984707,
G0548661.JPG,0,0,25.94283,-25.323406,
G0548662.JPG,1,0,6.8594904,-4.014087,
G0548663.JPG,0,0,2.0408742,1.5188105,
G0548664.JPG,0,0,27.80726,-27.830832,
G0548665.JPG,0,0,27.306198,-27.223343,
G0548666.JPG,0,0,27.519342,-26.373722,
G0548667.JPG,0,0,31.42272,-31.88698,
G0548668.JPG,0,0,18.464893,-16.766489,
G0548669.JPG,0,0,3.210296,0.4258548,
G0548670.JPG,1,0,2.2607455,1.4025116,
G0548671.JPG,0,0,24.203262,-24.970783,
G0548672.JPG,0,0,24.193924,-23.3506,
G0548673.JPG,0,0,24.258059,-23.39239,
G0548674.JPG,0,0,26.538218,-25.995317,
G0548675.JPG,0,0,19.165224,-17.141775,
G0548676.JPG,1,1,-2.3182096,5.886812,
G0548677.JPG,0,0,14.723262,-11.61708,
G0548678.JPG,0,0,29.233181,-28.535028,
G0548679.JPG,0,0,26.517324,-25.323658,
G0548680.JPG,0,0,19.075165,-17.14129,
G0548681.JPG,0,0,32.016937,-32.22839,
G0548682.JPG,0,0,12.944916,-10.413695,
G0548683.JPG,1,1,-13.864512,17.56518,
G0548684.JPG,0,0,16.141682,-13.959298,
G0548685.JPG,0,0,22.464231,-21.43012,
G0548686.JPG,0,0,19.147907,-17.102768,
G0548687.JPG,0,0,24.03802,-22.80538,
G0548688.JPG,0,0,19.076683,-16.754225,
G0548689.JPG,0,0,10.556484,-7.481956,
G0548690.JPG,1,1,-8.080576,11.763725,
G0548691.JPG,0,0,17.01452,-15.800486,
G0548692.JPG,0,0,20.035738,-19.284235,
G0548693.JPG,0,0,25.250435,-24.682232,
G0548694.JPG,0,0,22.0355,-21.905685,
G0548695.JPG,0,0,27.037605,-26.548199,
G0548696.JPG,0,0,13.750502,-11.613178,
G0548697.JPG,1,1,-9.405093,12.803956,
G0548698.JPG,0,0,22.334148,-22.088408,
G0548699.JPG,0,0,23.25933,-23.558537,
G0548700.JPG,0,0,25.827843,-25.386967,
G0548701.JPG,0,0,24.342285,-23.906532,
G0548702.JPG,0,0,25.8599,-25.643456,
G0548703.JPG,0,0,7.992036,-5.154251,
G0548704.JPG,1,1,-7.4654217,10.731199,
G0548705.JPG,0,0,23.146597,-22.540085,
G0548706.JPG,0,0,26.606241,-26.784296,
G0548707.JPG,0,0,28.628931,-27.805632,
G0548708.JPG,0,0,25.03325,-23.754885,
G0548709.JPG,0,0,23.144476,-22.094707,
G0548710.JPG,0,0,12.986752,-10.574177,
G0548711.JPG,1,1,-13.93883,16.8124,
G0548712.JPG,0,0,19.923847,-19.124544,
G0548713.JPG,0,0,29.170094,-29.145113,
G0548714.JPG,0,0,24.016378,-22.950947,
G0548715.JPG,0,0,28.88738,-28.860004,
G0548716.JPG,0,0,21.261942,-20.015694,
G0548717.JPG,1,0,2.3971763,1.068618,
G0548718.JPG,0,0,7.141634,-4.0367017,
G0548719.JPG,0,0,27.098793,-27.900982,
G0548720.JPG,0,0,30.080854,-30.785343,
G0548721.JPG,0,0,26.933544,-26.31923,
G0548722.JPG,0,0,23.832777,-22.547003,
G0548723.JPG,0,0,22.419783,-21.608072,
G0548724.JPG,0,1,1.7187636,1.962101,
G0548725.JPG,1,1,-2.6272912,5.940032,
G0548726.JPG,0,0,23.410213,-23.392485,
G0548727.JPG,0,0,21.477749,-21.156141,
G0548728.JPG,0,0,18.065275,-16.193481,
G0548729.JPG,0,0,30.065561,-30.348173,
G0548730.JPG,0,0,14.4686775,-12.002986,
G0548731.JPG,1,1,-12.53331,15.883936,
G0548732.JPG,0,0,21.086485,-20.141502,
G0548733.JPG,0,0,28.883821,-29.298935,
G0548734.JPG,0,0,28.238657,-27.644363,
G0548735.JPG,0,0,29.63954,-29.223738,
G0548736.JPG,0,0,31.136055,-31.375885,
G0548737.JPG,0,0,19.30135,-17.630981,
G0548738.JPG,1,1,-9.80071,13.631885,
G0548739.JPG,0,0,14.215019,-11.824781,
G0548740.JPG,0,0,22.596094,-23.182354,
G0548741.JPG,0,0,28.461172,-28.662472,
G0548742.JPG,0,0,31.580667,-32.078075,
G0548743.JPG,0,0,19.405172,-17.752039,
G0548744.JPG,0,0,13.415338,-11.875149,
G0548745.JPG,1,1,-11.59186,14.755594,
G0548746.JPG,0,0,22.629795,-20.985636,
G0548747.JPG,0,0,26.148428,-25.59624,
G0548748.JPG,0,0,21.457434,-19.48403,
G0548749.JPG,0,0,25.312618,-24.08823,
G0548750.JPG,0,0,24.015837,-22.791727,
G0548751.JPG,0,0,15.865867,-13.334817,
G0548752.JPG,1,1,-6.941185,10.610407,
G0548753.JPG,0,0,14.9959955,-12.826052,
G0548754.JPG,0,0,14.266615,-13.350017,
G0548755.JPG,0,0,28.443829,-27.502007,
G0548756.JPG,0,0,20.444593,-19.327469,
G0548757.JPG,0,0,26.136112,-25.983074,
G0548758.JPG,0,0,8.307652,-5.5337234,
G0548759.JPG,1,1,-5.0435433,8.546705,
G0548760.JPG,0,0,23.13271,-21.557505,
G0548761.JPG,0,0,20.861847,-20.04799,
G0548762.JPG,0,0,19.44803,-17.329378,
G0548763.JPG,0,0,26.5803,-25.559782,
G0548764.JPG,0,0,21.461681,-19.78162,
G0548765.JPG,0,0,12.125256,-9.352903,
G0548766.JPG,1,1,-15.154049,18.382622,
G0548767.JPG,0,0,18.073093,-17.008701,
G0548768.JPG,0,0,25.375362,-24.98977,
G0548769.JPG,0,0,17.383192,-15.549859,
G0548770.JPG,0,0,25.012302,-24.176945,
G0548771.JPG,0,0,21.786545,-20.356384,
G0548772.JPG,1,1,-3.9740124,7.7952642,
G0548773.JPG,0,0,15.455042,-13.096827,
G0548774.JPG,0,0,26.424034,-25.897287,
G0548775.JPG,0,0,14.232516,-11.604104,
G0548776.JPG,0,0,21.293234,-19.426363,
G0548777.JPG,0,0,28.961132,-28.71626,
G0548778.JPG,0,0,12.916089,-10.344907,
G0548779.JPG,1,1,-10.626636,14.377644,
G0548780.JPG,0,0,9.165676,-6.880657,
G0548781.JPG,0,0,23.418068,-23.243183,
G0548782.JPG,0,0,24.311207,-23.841566,
G0548783.JPG,0,0,24.343878,-22.695623,
G0548784.JPG,0,0,20.789238,-18.908092,
G0548785.JPG,0,0,18.828287,-17.186779,
G0548786.JPG,1,1,-17.206121,20.176762,
G0548787.JPG,0,0,19.944212,-17.80164,
G0548788.JPG,0,0,23.321575,-21.64447,
G0548789.JPG,0,0,20.536242,-18.872086,
G0548790.JPG,0,0,26.098303,-25.913532,
G0548791.JPG,0,0,24.52425,-23.282724,
G0548792.JPG,0,0,8.647848,-5.2460084,
G0548793.JPG,1,1,-9.312585,12.678928,
G0548794.JPG,0,0,21.176172,-20.122602,
G0548795.JPG,0,0,13.71287,-12.117417,
G0548796.JPG,0,0,17.467749,-15.469225,
G0548797.JPG,0,0,21.346943,-19.479546,
G0548798.JPG,0,0,25.75079,-24.940683,
G0548799.JPG,0,1,-6.4548306,9.107636,
G0548800.JPG,1,1,-11.353741,14.545877,
G0548801.JPG,0,0,21.68005,-20.774946,
G0548802.JPG,0,0,29.401976,-28.857643,
G0548803.JPG,0,0,28.275055,-27.660192,
G0548804.JPG,0,0,23.286352,-21.50802,
G0548805.JPG,0,0,23.996967,-22.95466,
G0548806.JPG,0,0,15.056983,-12.677868,
G0548807.JPG,1,1,-3.4411638,6.3991833,
G0548808.JPG,0,0,25.433708,-25.644382,
G0548809.JPG,0,0,22.010439,-21.085,
G0548810.JPG,0,0,24.727123,-23.9512,
G0548811.JPG,0,0,22.93138,-22.146532,
G0548812.JPG,0,0,14.047273,-11.679312,
G0548813.JPG,1,1,-10.285345,14.4186125,
G0548814.JPG,0,0,16.017473,-13.814431,
G0548815.JPG,0,0,24.133612,-24.338562,
G0548816.JPG,0,0,23.223124,-22.694836,
G0548817.JPG,0,0,30.460535,-30.415201,
G0548818.JPG,0,0,28.658287,-28.502773,
G0548819.JPG,0,0,21.349804,-19.813707,
G0548820.JPG,1,1,-7.4829288,11.626804,
G0548821.JPG,0,0,12.093962,-9.767746,
G0548822.JPG,0,0,29.005161,-29.308504,
G0548823.JPG,0,0,21.605501,-20.03184,
G0548824.JPG,0,0,24.521902,-23.15992,
G0548825.JPG,0,0,22.070108,-20.37868,
G0548826.JPG,0,0,13.690891,-10.658961,
G0548827.JPG,1,1,-9.376229,12.928748,
G0548828.JPG,0,0,11.048923,-10.337039,
G0548829.JPG,0,0,26.652327,-26.391079,
G0548830.JPG,0,0,27.558113,-27.267189,
G0548831.JPG,0,0,27.963188,-27.482792,
G0548832.JPG,0,0,26.305489,-25.879305,
G0548833.JPG,0,0,15.843889,-13.42422,
G0548834.JPG,1,1,-15.140631,18.14,
G0548835.JPG,0,0,17.378935,-16.859217,
G0548836.JPG,0,0,28.511154,-29.000055,
G0548837.JPG,0,0,22.31091,-22.297197,
G0548838.JPG,0,0,21.256828,-20.491182,
G0548839.JPG,0,0,26.79303,-26.690483,
G0548840.JPG,1,1,-4.492648,8.556541,
G0548841.JPG,0,0,8.667169,-5.7113657,
G0548842.JPG,0,0,27.008102,-27.844967,
G0548843.JPG,0,0,26.529575,-27.075136,
G0548844.JPG,0,0,32.788555,-33.170902,
G0548845.JPG,0,0,26.706133,-25.830126,
G0548846.JPG,0,0,25.320265,-25.102087,
G0548847.JPG,1,1,1.238321,2.4119482,
G0548848.JPG,0,0,6.1954026,-3.0360858,
G0548849.JPG,0,0,30.092834,-31.285198,
G0548850.JPG,0,0,26.961992,-26.870481,
G0548851.JPG,0,0,29.922802,-29.830853,
G0548852.JPG,0,0,28.074427,-28.390203,
G0548853.JPG,0,0,18.27181,-16.222767,
G0548854.JPG,1,1,-12.259736,15.5612755,
G0548855.JPG,0,0,16.646667,-14.708344,
G0548856.JPG,0,0,16.611126,-16.268295,
G0548857.JPG,0,0,28.483973,-28.219423,
G0548858.JPG,0,0,31.956892,-32.366047,
G0548859.JPG,0,0,24.130583,-22.738897,
G0548860.JPG,0,0,20.497221,-19.154581,
G0548861.JPG,1,1,-11.610415,15.3463545,
G0548862.JPG,0,0,11.071678,-8.714608,
G0548863.JPG,0,0,22.403997,-21.83417,
G0548864.JPG,0,0,22.307491,-21.58104,
G0548865.JPG,0,0,25.66886,-24.8182,
G0548866.JPG,0,0,24.206171,-22.979137,
G0548867.JPG,0,0,16.912132,-14.6903305,
G0548868.JPG,1,1,-8.541598,12.506169,
G0548869.JPG,0,0,21.633787,-20.171219,
G0548870.JPG,0,0,21.548828,-21.799751,
G0548871.JPG,0,0,22.381393,-22.838652,
G0548872.JPG,0,0,24.78894,-24.006033,
G0548873.JPG,0,0,27.879032,-27.417597,
G0548874.JPG,0,0,19.154943,-17.307154,
G0548875.JPG,1,1,-8.422331,12.130548,
G0548876.JPG,0,0,12.505606,-9.91379,
G0548877.JPG,0,0,17.472103,-16.466438,
G0548878.JPG,0,0,22.781704,-21.423847,
G0548879.JPG,0,0,26.941902,-26.023245,
G0548880.JPG,0,0,25.77081,-24.749998,
G0548881.JPG,0,0,20.881506,-19.512793,
G0548882.JPG,1,1,-14.418885,17.86617,
G0548883.JPG,0,0,20.888384,-19.913555,
G0548884.JPG,0,0,26.843102,-26.899574,
G0548885.JPG,0,0,29.950993,-29.562048,
G0548886.JPG,0,0,21.63727,-20.440868,
G0548887.JPG,0,0,29.172194,-29.579622,
G0548888.JPG,0,0,9.72289,-6.8808117,
G0548889.JPG,1,1,-1.6285958,5.3064175,
G0548890.JPG,0,0,24.452696,-24.201921,
G0548891.JPG,0,0,26.205296,-25.63444,
G0548892.JPG,0,0,25.356125,-24.208382,
G0548893.JPG,0,0,30.776608,-31.071905,
G0548894.JPG,0,0,24.127281,-23.282816,
G0548895.JPG,1,0,10.214383,-6.9819098,
G0548896.JPG,0,1,-8.312194,11.852599,
G0548897.JPG,0,0,20.211752,-18.947796,
G0548898.JPG,0,0,26.527754,-27.061258,
G0548899.JPG,0,0,32.705387,-32.796124,
G0548900.JPG,0,0,29.979342,-29.986055,
G0548901.JPG,0,0,30.120262,-29.611202,
G0548902.JPG,0,0,19.954262,-18.576168,
G0548903.JPG,1,1,-9.763978,13.761336,
G0548904.JPG,0,0,8.788315,-6.052315,
G0548905.JPG,0,0,20.550917,-18.721277,
G0548906.JPG,0,0,21.593172,-18.907274,
G0548907.JPG,0,0,21.477749,-18.6023,
G0548908.JPG,0,0,26.23596,-23.854105,
G0558909.JPG,0,0,14.511186,-10.301988,
G0558910.JPG,0,0,19.843283,-16.50871,
G0558911.JPG,0,0,24.928364,-23.193937,
G0558912.JPG,0,0,28.516535,-26.86831,
G0558913.JPG,0,0,22.626608,-20.481804,
G0558914.JPG,0,0,22.063648,-20.224894,
G0558915.JPG,0,0,9.914733,-6.9527636,
G0558916.JPG,1,1,-5.674679,9.174724,
G0558917.JPG,0,0,10.580711,-7.6967487,
G0558918.JPG,0,0,24.344858,-23.81304,
G0558919.JPG,0,0,27.4656,-26.903399,
G0558920.JPG,0,0,32.182793,-31.66944,
G0558921.JPG,0,0,26.508057,-25.188028,
G0558922.JPG,0,0,21.375288,-20.41589,
G0558923.JPG,1,1,-15.129743,18.159231,
G0558924.JPG,0,0,17.992228,-15.920458,
G0558925.JPG,0,0,24.576126,-23.931759,
G0558926.JPG,0,0,26.893919,-25.790073,
G0558927.JPG,0,0,31.803972,-32.281075,
G0558928.JPG,0,0,26.273102,-26.153547,
G0558929.JPG,0,0,11.271581,-9.4151945,
G0558930.JPG,1,1,-17.605219,20.44842,
G0558931.JPG,0,0,24.442621,-23.7787,
G0558932.JPG,0,0,29.06887,-29.017649,
G0558933.JPG,0,0,28.365084,-28.187614,
G0558934.JPG,0,0,31.99373,-31.80897,
G0558935.JPG,0,0,28.902164,-29.087576,
G0558936.JPG,0,0,11.463216,-9.152119,
G0558937.JPG,1,1,-15.115226,17.467003,
G0558938.JPG,0,0,20.734829,-19.21509,
G0558939.JPG,0,0,25.558758,-24.99406,
G0558940.JPG,0,0,26.325197,-25.50617,
G0558941.JPG,0,0,20.88002,-18.778292,
G0558942.JPG,0,0,24.466387,-23.450214,
G0558943.JPG,0,0,9.161607,-6.2718806,
G0558944.JPG,1,0,1.9086076,1.454701,
G0558945.JPG,0,0,30.376581,-30.502949,
G0558946.JPG,0,0,33.487587,-34.10576,
G0558947.JPG,0,0,24.888906,-23.371447,
G0558948.JPG,0,0,24.481062,-23.181568,
G0558949.JPG,0,0,27.093937,-26.743036,
G0558950.JPG,0,0,11.491092,-9.063128,
G0558951.JPG,1,1,-18.939636,21.27813,
G0558952.JPG,0,0,27.047417,-27.20351,
G0558953.JPG,0,0,29.910452,-30.038635,
G0558954.JPG,0,0,27.096691,-26.36271,
G0558955.JPG,0,0,29.193636,-29.317947,
G0558956.JPG,0,0,24.885365,-24.44968,
G0558957.JPG,1,1,-12.026904,15.507274,
G0558958.JPG,0,0,15.139745,-12.633762,
G0558959.JPG,0,0,23.871466,-23.070892,
G0558960.JPG,0,0,20.699991,-19.508078,
G0558961.JPG,0,0,30.786982,-29.864792,
G0558962.JPG,0,0,24.382513,-22.882202,
G0558963.JPG,0,0,25.894753,-25.60433,
G0558964.JPG,0,0,6.833024,-3.9745715,
G0558965.JPG,1,1,-5.196743,8.330831,
G0558966.JPG,0,0,29.460155,-30.104275,
G0558967.JPG,0,0,28.12846,-28.47072,
G0558968.JPG,0,0,33.219643,-33.903137,
G0558969.JPG,0,0,31.809711,-32.176685,
G0558970.JPG,0,0,18.436888,-16.918005,
G0558971.JPG,1,1,-12.85488,16.516672,
G0558972.JPG,0,0,25.98008,-25.052431,
G0558973.JPG,0,0,22.437185,-22.185867,
G0558974.JPG,0,0,31.297766,-30.951162,
G0558975.JPG,0,0,30.161095,-29.62849,
G0558976.JPG,0,0,29.642868,-29.40899,
G0558977.JPG,0,0,18.489157,-17.259958,
G0558978.JPG,1,1,-18.034994,21.478735,
G0558979.JPG,0,0,30.326838,-30.047611,
G0558980.JPG,0,0,23.102003,-22.043242,
G0558981.JPG,0,0,24.328016,-22.741652,
G0558982.JPG,0,0,22.690313,-21.029182,
G0558983.JPG,0,0,24.825863,-24.25102,
G0558984.JPG,1,0,11.350114,-8.873217,
G0558985.JPG,0,1,-0.09519023,3.8540378,
G0558986.JPG,0,0,16.686323,-15.4896,
G0558987.JPG,0,0,31.490496,-32.09067,
G0558988.JPG,0,0,30.711456,-30.608377,
G0558989.JPG,0,0,30.862408,-30.592218,
G0558990.JPG,0,0,30.712254,-30.396006,
G0558991.JPG,0,0,17.20225,-15.450018,
G0558992.JPG,1,1,-12.379343,15.473299,
G0558993.JPG,0,0,23.877403,-22.645868,
G0558994.JPG,0,0,26.418728,-25.821466,
G0558995.JPG,0,0,26.85965,-25.561108,
G0558996.JPG,0,0,24.433237,-23.078485,
G0558997.JPG,0,0,27.978266,-27.752466,
G0558998.JPG,0,0,20.17737,-18.908295,
G0558999.JPG,1,1,-5.237343,8.468986,
G0559000.JPG,0,0,24.754173,-23.633522,
G0559001.JPG,0,0,23.218458,-21.855032,
G0559002.JPG,0,0,24.353462,-22.633194,
G0559003.JPG,0,0,27.46251,-26.543314,
G0559004.JPG,0,0,17.940502,-16.02282,
G0559005.JPG,0,0,10.887856,-8.784126,
G0559006.JPG,1,1,-9.013859,11.769711,
G0559007.JPG,0,0,20.670643,-19.348982,
G0559008.JPG,0,0,22.438337,-21.4887,
G0559009.JPG,0,0,30.642914,-30.088959,
G0559010.JPG,0,0,23.905777,-22.677279,
G0559011.JPG,0,0,22.350561,-20.90168,
G0559012.JPG,1,1,-4.082725,7.948226,
G0559013.JPG,0,0,9.017765,-6.2124143,
G0559014.JPG,0,0,22.350372,-21.077272,
G0559015.JPG,0,0,24.306961,-23.240889,
G0559016.JPG,0,0,29.549242,-28.618324,
G0559017.JPG,0,0,23.609518,-21.377169,
G0559018.JPG,0,0,21.883953,-20.327759,
G0559019.JPG,0,0,14.117571,-11.607983,
G0559020.JPG,1,1,-1.6205523,5.0922813,
G0559021.JPG,0,0,25.035843,-24.822119,
G0559022.JPG,0,0,23.551725,-21.756748,
G0559023.JPG,0,0,29.520742,-28.963524,
G0559024.JPG,0,0,29.221945,-28.427105,
G0559025.JPG,0,0,14.768547,-12.829765,
G0559026.JPG,1,1,-13.31493,16.868002,
G0559027.JPG,0,0,28.07727,-27.196527,
G0559028.JPG,0,0,17.60794,-16.44535,
G0559029.JPG,0,0,28.25078,-27.207603,
G0559030.JPG,0,0,33.231087,-33.87961,
G0559031.JPG,0,0,31.170115,-31.185797,
G0559032.JPG,0,0,21.287926,-20.508795,
G0559033.JPG,1,1,-19.707123,22.374855,
G0559034.JPG,0,0,23.021147,-21.935333,
G0559035.JPG,0,0,20.345724,-19.026428,
G0559036.JPG,0,0,19.850588,-18.184582,
G0559037.JPG,0,0,24.631556,-22.819056,
G0559038.JPG,0,0,30.734808,-30.790688,
G0559039.JPG,0,0,13.249817,-10.86857,
G0559040.JPG,1,1,-9.875986,13.393473,
G0559041.JPG,0,0,16.11556,-14.296199,
G0559042.JPG,0,0,32.39776,-32.57201,
G0559043.JPG,0,0,21.616333,-20.06777,
G0559044.JPG,0,0,30.483955,-29.793455,
G0559045.JPG,0,0,27.5792,-26.96106,
G0559046.JPG,0,0,19.264553,-17.641434,
G0559047.JPG,1,1,-12.909138,16.305012,
G0559048.JPG,0,0,23.134144,-22.498917,
G0559049.JPG,0,0,26.559902,-26.144089,
G0559050.JPG,0,0,31.332872,-31.438091,
G0559051.JPG,0,0,23.507267,-22.366655,
G0559052.JPG,0,0,27.880434,-27.626501,
G0559053.JPG,1,1,-6.1958117,10.107261,
G0559054.JPG,0,1,-3.311451,6.575909,
G0559055.JPG,0,0,24.824018,-24.605492,
G0559056.JPG,0,0,24.076193,-23.911646,
G0559057.JPG,0,0,25.804014,-24.147928,
G0559058.JPG,0,0,25.724117,-23.806814,
G0559059.JPG,0,0,20.562304,-18.922863,
G0559060.JPG,0,0,17.702913,-16.313774,
G0559061.JPG,1,1,-8.934086,11.218162,
G0559062.JPG,0,0,25.540384,-25.36876,
G0559063.JPG,0,0,23.61756,-22.08651,
G0559064.JPG,0,0,26.263168,-25.345455,
G0559065.JPG,0,0,22.654537,-21.515074,
G0559066.JPG,0,0,16.453972,-15.200091,
G0559067.JPG,1,1,-12.110359,15.136435,
G0559068.JPG,0,0,20.839119,-18.846582,
G0559069.JPG,0,0,18.677732,-17.402605,
G0559070.JPG,0,0,32.461243,-32.209766,
G0559071.JPG,0,0,23.185514,-21.651129,
G0559072.JPG,0,0,31.617563,-31.438688,
G0559073.JPG,0,0,15.58999,-13.47365,
G0559074.JPG,1,1,-14.675947,17.68143,
G0559075.JPG,0,0,23.344366,-22.134235,
G0559076.JPG,0,0,22.617523,-21.354599,
G0559077.JPG,0,0,30.676653,-30.322838,
G0559078.JPG,0,0,23.30741,-22.412457,
G0559079.JPG,0,0,24.85072,-24.203932,
G0559080.JPG,0,0,14.919993,-13.048812,
G0559081.JPG,1,1,-6.98092,10.058119,
G0559082.JPG,0,0,15.999596,-14.880105,
G0559083.JPG,0,0,26.127638,-25.398733,
G0559084.JPG,0,0,29.766071,-29.527607,
G0559085.JPG,0,0,33.522366,-33.51356,
G0559086.JPG,0,0,19.026926,-17.443506,
G0559087.JPG,0,0,10.168403,-7.9242525,
G0559088.JPG,1,1,-6.587099,9.913557,
G0559089.JPG,0,0,22.574167,-20.836845,
G0559090.JPG,0,0,25.978077,-25.58831,
G0559091.JPG,0,0,25.469862,-24.508673,
G0559092.JPG,0,0,21.87232,-20.312702,
G0559093.JPG,0,0,28.974463,-29.56106,
G0559094.JPG,1,0,1.9584503,1.5528314,
G0559095.JPG,0,1,-3.67225,6.7910266,
G0559096.JPG,0,0,22.969425,-22.060438,
G0559097.JPG,0,0,35.40717,-36.707016,
G0559098.JPG,0,0,23.836065,-22.242052,
G0559099.JPG,0,0,26.11453,-25.06746,
G0559100.JPG,0,0,27.606592,-27.770988,
G0559101.JPG,0,0,17.706327,-15.995731,
G0559102.JPG,1,1,-6.7579,9.783656,
G0559103.JPG,0,0,32.376778,-33.97719,
G0559104.JPG,0,0,22.901676,-21.731611,
G0559105.JPG,0,0,29.084799,-28.870684,
G0559106.JPG,0,0,29.405737,-29.14395,
G0559107.JPG,0,0,18.909407,-17.089186,
G0559108.JPG,1,1,-12.139219,15.714562,
G0559109.JPG,0,0,22.129053,-20.551144,
G0559110.JPG,0,0,23.392735,-22.40069,
G0559111.JPG,0,0,25.42257,-24.883757,
G0559112.JPG,0,0,31.95948,-32.015316,
G0559113.JPG,0,0,28.728912,-28.214714,
G0559114.JPG,0,0,17.695728,-15.566468,
G0559115.JPG,1,1,-14.128909,17.245842,
G0559116.JPG,0,0,21.841396,-20.483503,
G0559117.JPG,0,0,29.425646,-29.235727,
G0559118.JPG,0,0,27.774256,-27.519623,
G0559119.JPG,0,0,25.898,-24.842464,
G0559120.JPG,0,0,28.027235,-28.13211,
G0559121.JPG,0,0,14.254441,-12.341697,
G0559122.JPG,1,1,-11.725316,14.55166,
G0559123.JPG,0,0,18.820047,-17.040657,
G0559124.JPG,0,0,31.8897,-32.094597,
G0559125.JPG,0,0,28.991676,-28.445038,
G0559126.JPG,0,0,26.254082,-25.060045,
G0559127.JPG,0,0,29.06291,-28.019913,
G0559128.JPG,0,0,14.012474,-11.826816,
G0559129.JPG,1,1,-11.430278,14.620142,
G0559130.JPG,0,0,18.941729,-17.664606,
G0559131.JPG,0,0,30.1544,-30.096773,
G0559132.JPG,0,0,26.512516,-25.698849,
G0559133.JPG,0,0,26.972078,-26.711819,
G0559134.JPG,0,0,26.015978,-25.344437,
G0559135.JPG,1,1,-9.257087,12.9743395,
G0559136.JPG,0,0,12.5840225,-9.667089,
G0559137.JPG,0,0,30.281813,-30.293047,
G0559138.JPG,0,0,23.369658,-21.96011,
G0559139.JPG,0,0,26.862862,-25.724546,
G0559140.JPG,0,0,20.94515,-19.230566,
G0559141.JPG,0,0,24.043587,-22.653967,
G0559142.JPG,1,0,7.638883,-4.38929,
G0559143.JPG,0,1,-0.36129817,3.55341,
G0559144.JPG,0,0,18.566675,-17.12916,
G0559145.JPG,0,0,27.92543,-27.101978,
G0559146.JPG,0,0,32.311222,-32.316727,
G0559147.JPG,0,0,30.171474,-29.986107,
G0559148.JPG,0,0,17.661566,-16.198036,
G0559149.JPG,1,1,-10.620396,14.204267,
G0559150.JPG,0,0,25.925373,-24.555655,
G0559151.JPG,0,0,28.535162,-29.041203,
G0559152.JPG,0,0,27.432177,-26.243313,
G0559153.JPG,0,0,34.505238,-35.076656,
G0559154.JPG,0,0,31.076399,-31.09067,
G0559155.JPG,0,0,13.3049345,-11.753172,
G0559156.JPG,1,1,-15.97923,18.765816,
G0559157.JPG,0,0,26.512947,-25.76017,
G0559158.JPG,0,0,23.59136,-22.51896,
G0559159.JPG,0,0,33.637817,-34.27185,
G0559160.JPG,0,0,31.072735,-31.198483,
G0559161.JPG,0,0,26.912533,-27.271894,
G0559162.JPG,0,0,16.525,-14.923442,
G0559163.JPG,1,1,-9.457572,12.297116,
G0559164.JPG,0,0,24.240759,-23.586714,
G0559165.JPG,0,0,24.664888,-24.388832,
G0559166.JPG,0,0,28.558388,-27.811178,
G0559167.JPG,0,0,27.066252,-26.101875,
G0559168.JPG,0,0,24.237488,-23.710936,
G0559169.JPG,0,0,5.635712,-2.773968,
G0559170.JPG,1,1,-6.9828105,9.859157,
G0559171.JPG,0,0,21.011139,-19.71702,
G0559172.JPG,0,0,25.468054,-24.743814,
G0559173.JPG,0,0,18.488523,-16.352478,
G0559174.JPG,0,0,21.503359,-19.615328,
G0559175.JPG,0,0,23.501616,-22.77627,
G0559176.JPG,1,1,-14.675169,17.80358,
G0559177.JPG,0,0,20.76165,-19.078966,
G0559178.JPG,0,0,23.839504,-23.516693,
G0559179.JPG,0,0,26.861649,-25.89703,
G0559180.JPG,0,0,27.628195,-26.797077,
G0559181.JPG,0,0,25.050219,-24.233835,
G0559182.JPG,0,0,24.464825,-23.815523,
G0559183.JPG,1,1,-5.289836,9.066071,
G0559184.JPG,0,0,8.849147,-5.8280735,
G0559185.JPG,0,0,26.594667,-25.89962,
G0559186.JPG,0,0,20.994326,-18.747272,
G0559187.JPG,0,0,22.070816,-20.462599,
G0559188.JPG,0,0,27.37686,-26.738873,
G0559189.JPG,0,0,18.82346,-17.56053,
G0559190.JPG,1,1,-11.733507,15.153906,
G0559191.JPG,0,0,15.748675,-14.221008,
G0559192.JPG,0,0,28.00194,-27.57305,
G0559193.JPG,0,0,25.416887,-24.669573,
G0559194.JPG,0,0,24.737299,-24.005684,
G0559195.JPG,0,0,25.206783,-24.536823,
G0559196.JPG,0,0,17.885408,-16.442492,
G0559197.JPG,1,1,-17.874245,20.76044,
G0559198.JPG,0,0,22.394022,-20.956814,
G0559199.JPG,0,0,22.405914,-20.967419,
G0559200.JPG,0,0,29.152224,-28.496967,
G0559201.JPG,0,0,23.39591,-22.216051,
G0559202.JPG,0,0,22.882973,-21.667427,
G0559203.JPG,0,0,12.87565,-10.769379,
G0559204.JPG,1,1,-13.6717005,16.620424,
G0559205.JPG,0,0,21.959612,-20.729437,
G0559206.JPG,0,0,22.909199,-21.977318,
G0559207.JPG,0,0,28.008564,-27.61639,
G0559208.JPG,0,0,33.08163,-32.974873,
G0559209.JPG,0,0,31.688,-31.960646,
G0559210.JPG,0,0,18.739468,-17.462334,
G0559211.JPG,1,1,-16.836508,19.28092,
G0559212.JPG,0,0,18.395603,-17.96146,
G0559213.JPG,0,0,30.83027,-30.735258,
G0559214.JPG,0,0,26.687975,-25.867218,
G0559215.JPG,0,0,31.0245,-30.96648,
G0559216.JPG,0,0,15.065585,-13.072908,
G0559217.JPG,0,1,-1.4109455,5.2917233,
G0559218.JPG,1,1,0.65803707,2.9256363,
G0559219.JPG,0,0,30.811352,-31.009981,
G0559220.JPG,0,0,27.911785,-28.066845,
G0559221.JPG,0,0,22.195646,-20.230251,
G0559222.JPG,0,0,30.06908,-29.57939,
G0559223.JPG,0,0,26.579317,-25.509066,
G0559224.JPG,0,0,6.41279,-3.3445675,
G0559225.JPG,1,1,-0.93752146,3.9614546,
G0559226.JPG,0,0,25.848482,-25.8601,
G0559227.JPG,0,0,24.627687,-23.653189,
G0559228.JPG,0,0,26.061451,-24.82069,
G0559229.JPG,0,0,27.56156,-27.38502,
G0559230.JPG,0,0,20.751867,-19.410143,
G0559231.JPG,1,1,-10.863745,14.2067585,
G0559232.JPG,0,1,-1.71614,4.7298765,
G0559233.JPG,0,0,27.51443,-27.710243,
G0559234.JPG,0,0,27.449856,-27.462284,
G0559235.JPG,0,0,29.435648,-28.550694,
G0559236.JPG,0,0,27.704351,-27.446098,
G0559237.JPG,0,0,22.575191,-21.313795,
G0559238.JPG,1,0,2.4281301,1.3738348,
G0559239.JPG,0,0,11.499097,-8.724086,
G0559240.JPG,0,0,28.563845,-28.312967,
G0559241.JPG,0,0,21.335218,-20.088137,
G0559242.JPG,0,0,31.093996,-31.281054,
G0559243.JPG,0,0,26.608759,-26.178556,
G0559244.JPG,0,0,20.212711,-19.369432,
G0559245.JPG,1,1,-13.371147,15.474869,
G0559246.JPG,0,0,22.038383,-20.110828,
G0559247.JPG,0,0,27.735884,-27.02546,
G0559248.JPG,0,0,31.702797,-31.624285,
G0559249.JPG,0,0,32.52509,-32.726284,
G0559250.JPG,0,0,30.625921,-29.975239,
G0559251.JPG,0,0,17.160414,-15.864439,
G0559252.JPG,1,1,-21.481405,24.234848,
G0559253.JPG,0,0,27.646208,-27.075203,
G0559254.JPG,0,0,20.38564,-18.949537,
G0559255.JPG,0,0,26.885149,-25.864485,
G0559256.JPG,0,0,27.383778,-26.652502,
G0559257.JPG,0,0,28.095907,-27.878553,
G0559258.JPG,0,0,21.099333,-20.260672,
G0559259.JPG,1,1,-9.034816,11.930054,
G0559260.JPG,0,0,21.805311,-20.196455,
G0559261.JPG,0,0,26.765184,-26.363274,
G0559262.JPG,0,0,25.539274,-24.023058,
G0559263.JPG,0,0,26.289246,-24.95225,
G0559264.JPG,0,0,30.728443,-31.207972,
G0559265.JPG,0,0,19.26078,-17.160488,
G0559266.JPG,1,1,-16.705853,19.123075,
G0559267.JPG,0,0,21.97061,-20.588926,
G0559268.JPG,0,0,23.74316,-22.766739,
G0559269.JPG,0,0,19.316978,-16.971863,
G0559270.JPG,0,0,30.155876,-29.706585,
G0559271.JPG,0,0,26.63788,-25.917673,
G0559272.JPG,1,1,-4.831813,8.540579,
G0559273.JPG,0,0,6.124155,-2.6720297,
G0559274.JPG,0,0,23.69145,-23.252079,
G0559275.JPG,0,0,24.825157,-23.653967,
G0559276.JPG,0,0,13.729604,-10.81255,
G0559277.JPG,0,0,27.928722,-26.718302,
G0559278.JPG,0,0,17.909695,-15.712768,
G0559279.JPG,0,1,-1.713424,5.5359826,
G0559280.JPG,1,1,-8.578286,12.083879,
G0559281.JPG,0,0,22.699472,-22.577082,
G0559282.JPG,0,0,18.088255,-16.439518,
G0559283.JPG,0,0,26.89963,-25.601316,
G0559284.JPG,0,0,26.715513,-26.313137,
G0559285.JPG,0,0,21.758535,-20.726652,
G0559286.JPG,1,1,-16.426805,19.69542,
G0559287.JPG,0,0,23.370125,-21.852217,
G0559288.JPG,0,0,23.837883,-23.104158,
G0559289.JPG,0,0,25.021297,-24.280556,
G0559290.JPG,0,0,30.339783,-30.20367,
G0559291.JPG,0,0,24.622808,-23.101212,
G0559292.JPG,0,0,16.475811,-14.882792,
G0559293.JPG,1,1,-16.147146,19.533195,
G0559294.JPG,0,0,21.941055,-20.675114,
G0559295.JPG,0,0,18.585978,-16.611874,
G0559296.JPG,0,0,17.31571,-14.932312,
G0559297.JPG,0,0,25.497747,-23.809204,
G0559298.JPG,0,0,23.768093,-22.237524,
G0559299.JPG,0,0,22.779787,-21.45212,
G0559300.JPG,1,1,-19.758709,22.126297,
G0559301.JPG,0,0,16.703606,-14.130679,
G0559302.JPG,0,0,24.59091,-23.817633,
G0559303.JPG,0,0,30.566185,-30.206263,
G0559304.JPG,0,0,25.722113,-24.352503,
G0559305.JPG,0,0,28.237879,-27.66908,
G0559306.JPG,0,0,15.222677,-12.944167,
G0559307.JPG,1,1,-14.818787,18.204409,
G0559308.JPG,0,0,24.480814,-23.583328,
G0559309.JPG,0,0,31.838415,-32.291317,
G0559310.JPG,0,0,26.131798,-24.984592,
G0559311.JPG,0,0,23.088514,-21.65592,
G0559312.JPG,0,0,28.049902,-28.058302,
G0559313.JPG,1,0,4.4296856,-1.4337993,
G0559314.JPG,0,0,8.20001,-5.242317,
G0559315.JPG,0,0,15.976245,-13.581147,
G0559316.JPG,0,0,23.637457,-21.954344,
G0559317.JPG,0,0,27.245699,-25.81428,
G0559318.JPG,0,0,25.893915,-24.5185,
G0559319.JPG,0,0,25.27716,-24.620874,
G0559320.JPG,0,0,8.8435,-5.803511,
G0559321.JPG,1,1,-2.3343756,5.7596674,
G0559322.JPG,0,0,28.829885,-29.020365,
G0559323.JPG,0,0,22.395264,-21.0342,
G0559324.JPG,0,0,20.058874,-17.958431,
G0559325.JPG,0,0,22.07016,-20.339186,
G0559326.JPG,0,0,21.718884,-19.513897,
G0559327.JPG,1,1,-16.217978,19.374403,
G0559328.JPG,0,0,23.75653,-22.350958,
G0559329.JPG,0,0,26.318214,-25.851377,
G0559330.JPG,0,0,30.559034,-30.06974,
G0559331.JPG,0,0,29.78062,-29.3766,
G0559332.JPG,0,0,30.203669,-29.566757,
G0559333.JPG,0,0,17.2592,-15.359274,
G0559334.JPG,1,1,-10.18453,12.921827,
G0559335.JPG,0,0,23.51864,-22.995703,
G0559336.JPG,0,0,19.733433,-18.79382,
G0559337.JPG,0,0,20.97956,-19.273832,
G0559338.JPG,0,0,29.869955,-29.902348,
G0559339.JPG,0,0,28.392685,-28.907675,
G0559340.JPG,1,1,-7.0288286,10.206941,
G0559341.JPG,0,0,5.8325367,-2.2903848,
G0559342.JPG,0,0,24.642021,-23.966051,
G0559343.JPG,0,0,24.542305,-23.327137,
G0559344.JPG,0,0,27.214544,-26.232916,
G0559345.JPG,0,0,27.917858,-26.664957,
G0559346.JPG,0,0,30.681755,-30.98947,
G0559347.JPG,1,0,2.994236,0.38084394,
G0559348.JPG,0,0,7.097989,-4.0947523,
G0559349.JPG,0,0,19.878841,-17.923475,
G0559350.JPG,0,0,6.8630095,-3.1972363,
G0559351.JPG,0,0,13.661052,-10.640496,
