name,predicted,target,prob_0,prob_1,softmax_0,softmax_1
G0361084.JPG,0,0,2.961008310317993,1.368330717086792,0.8309924602508545,0.16900750994682312
G0361085.JPG,0,0,5.124411106109619,-0.4922197163105011,0.9963763356208801,0.0036236944142729044
G0361086.JPG,0,0,3.212427854537964,0.9927734136581421,0.9020006656646729,0.09799933433532715
G0361087.JPG,0,0,5.70994234085083,-0.6616077423095703,0.9982934594154358,0.0017065899446606636
G0361088.JPG,0,0,11.627360343933105,-6.083942890167236,1.0,2.0327245664475413e-08
G0361089.JPG,0,0,12.96002197265625,-7.227926731109619,1.0,1.7079906378114629e-09
G0361090.JPG,0,0,20.655048370361328,-13.274059295654297,1.0,1.839821630006226e-15
G0361091.JPG,0,0,36.2960090637207,-24.66813850402832,1.0,3.338921959267964e-27
G0361092.JPG,0,0,11.752963066101074,-6.372462749481201,1.0,1.3434694245972878e-08
G0361093.JPG,1,1,-3.149428606033325,8.602643966674805,7.872930837038439e-06,0.9999921321868896
G0361094.JPG,1,0,-3.523042917251587,8.20599365234375,8.056394108280074e-06,0.9999918937683105
G0361095.JPG,0,0,21.5318546295166,-13.057673454284668,1.0,9.505155976950687e-16
G0361096.JPG,0,0,21.347389221191406,-13.111430168151855,1.0,1.0832394136618315e-15
G0361097.JPG,0,0,19.147069931030273,-11.650681495666504,1.0,4.2141119017740855e-14
G0361098.JPG,0,0,18.088592529296875,-10.981368064880371,1.0,2.3717892884064784e-13
G0361099.JPG,0,0,27.51692008972168,-18.077016830444336,1.0,1.5805374556989717e-20
G0361100.JPG,0,0,8.693931579589844,-3.266354560852051,0.9999935626983643,6.393092007783707e-06
G0361101.JPG,1,1,-9.078307151794434,15.553749084472656,2.0064738065483922e-11,1.0
G0361102.JPG,1,0,-0.20734989643096924,5.38337516784668,0.0037184429820626974,0.9962815642356873
G0361103.JPG,0,0,36.05968475341797,-23.337772369384766,1.0,1.599602685726196e-26
G0361104.JPG,0,0,30.44097328186035,-19.679113388061523,1.0,1.710499343911969e-22
G0361105.JPG,0,0,38.743465423583984,-26.09206771850586,1.0,6.954817103849106e-29
G0361106.JPG,0,0,25.914203643798828,-16.91166877746582,1.0,2.517439925280236e-19
G0361107.JPG,0,0,16.765657424926758,-10.019651412963867,1.0,2.3296364837221972e-12
G0361108.JPG,1,1,-0.6507060527801514,5.627434253692627,0.0018733722390607,0.9981266856193542
G0361109.JPG,0,0,9.729829788208008,-4.549230575561523,0.9999994039535522,6.290462692959409e-07
G0361110.JPG,0,0,30.464807510375977,-19.952850341796875,1.0,1.2702529858859302e-22
G0361111.JPG,0,0,27.32819175720215,-17.648269653320312,1.0,2.930691862987427e-20
G0361112.JPG,0,0,24.178508758544922,-15.77688980102539,1.0,4.442126152712882e-18
G0361113.JPG,0,0,28.323511123657227,-18.70709991455078,1.0,3.757214285342107e-21
G0361114.JPG,0,0,20.003414154052734,-12.18880558013916,1.0,1.0449537150283503e-14
G0361115.JPG,0,1,7.5645294189453125,-2.857764720916748,0.9999701976776123,2.9760622055619024e-05
G0361116.JPG,1,0,-2.9867305755615234,8.055949211120605,1.6003616110538132e-05,0.9999840259552002
G0361117.JPG,0,0,18.36266326904297,-11.169761657714844,1.0,1.493587968148108e-13
G0361118.JPG,0,0,34.97187805175781,-23.119050979614258,1.0,5.907869914944741e-26
G0361119.JPG,0,0,29.059677124023438,-18.98234748840332,1.0,1.3665157005314563e-21
G0361120.JPG,0,0,24.441377639770508,-15.85946273803711,1.0,3.144608575910671e-18
G0361121.JPG,0,0,19.977062225341797,-12.332077980041504,1.0,9.296491527976958e-15
G0361122.JPG,0,0,13.543460845947266,-7.687643527984619,1.0,6.017952247638902e-10
G0361123.JPG,1,1,-5.565809726715088,10.480527877807617,1.0743957545855665e-07,0.9999998807907104
G0361124.JPG,0,0,9.801305770874023,-4.862643241882324,0.9999995231628418,4.280826999547571e-07
G0361125.JPG,0,0,22.621320724487305,-13.914582252502441,1.0,1.3572458900108883e-16
G0361126.JPG,0,0,21.452733993530273,-13.367258071899414,1.0,7.548655452581062e-16
G0361127.JPG,0,0,23.586103439331055,-14.81029987335205,1.0,2.111803518940333e-17
G0361128.JPG,0,0,28.505666732788086,-18.800521850585938,1.0,2.8522166970528317e-21
G0361129.JPG,0,0,15.526713371276855,-9.007349014282227,1.0,2.213056474187347e-11
G0361130.JPG,0,1,3.032423496246338,2.0968918800354004,0.7181962132453918,0.28180381655693054
G0361131.JPG,0,0,6.616304874420166,-1.3104897737503052,0.9996391534805298,0.0003608113038353622
G0361132.JPG,0,0,19.017498016357422,-11.317925453186035,1.0,6.69103647813439e-14
G0361133.JPG,0,0,18.289813995361328,-10.733414649963379,1.0,2.485263243031527e-13
G0361134.JPG,0,0,18.57958221435547,-11.070467948913574,1.0,1.3278420518073736e-13
G0361135.JPG,0,0,35.73314666748047,-23.371328353881836,1.0,2.1441334930032342e-26
G0361136.JPG,0,0,18.006633758544922,-10.814200401306152,1.0,3.0427787026110487e-13
G0361137.JPG,1,1,-0.5412293076515198,5.759577751159668,0.001831462956033647,0.9981684684753418
G0361138.JPG,1,0,-2.4389712810516357,6.815517902374268,9.567201050231233e-05,0.9999042749404907
G0361139.JPG,0,0,23.293886184692383,-14.276403427124023,1.0,4.8242582839856364e-17
G0361140.JPG,0,0,34.499351501464844,-21.945680618286133,1.0,3.0636197184782557e-25
G0361141.JPG,0,0,37.62430191040039,-25.142234802246094,1.0,5.506041118008669e-28
G0361142.JPG,0,0,47.08679962158203,-31.866758346557617,1.0,5.139307793514971e-35
G0361143.JPG,0,0,31.419189453125,-21.048423767089844,1.0,1.635328851362331e-23
G0361144.JPG,0,0,11.128567695617676,-5.695690631866455,1.0,4.9353420905617895e-08
G0361145.JPG,1,1,-7.637107849121094,13.389400482177734,7.38419991819228e-10,1.0
G0361146.JPG,0,0,5.931973934173584,-2.0424656867980957,0.9996559619903564,0.0003440293075982481
G0361147.JPG,0,0,27.449390411376953,-17.591777801513672,1.0,2.747066491171178e-20
G0361148.JPG,0,0,41.88903045654297,-28.12405014038086,1.0,3.923801788736887e-31
G0361149.JPG,0,0,20.905515670776367,-13.03335189819336,1.0,1.8219562228409753e-15
G0361150.JPG,0,0,20.12966537475586,-12.346455574035645,1.0,7.866838826415049e-15
G0361151.JPG,0,0,12.63701057434082,-6.6081438064575195,1.0,4.384653085054424e-09
G0361152.JPG,1,1,-1.2213248014450073,7.070175647735596,0.00025057539460249245,0.9997493624687195
G0361153.JPG,0,0,9.326120376586914,-4.149909973144531,0.9999985694885254,1.4042155953575275e-06
G0361154.JPG,0,0,30.46123504638672,-19.591808319091797,1.0,1.8291085568709104e-22
G0361155.JPG,0,0,35.673133850097656,-23.474773406982422,1.0,2.0530063458290033e-26
G0361156.JPG,0,0,26.38967514038086,-17.104690551757812,1.0,1.2901405474549154e-19
G0361157.JPG,0,0,21.145496368408203,-13.4192476272583,1.0,9.743675160941577e-16
G0361158.JPG,0,0,13.850997924804688,-7.228181838989258,1.0,7.005329094589285e-10
G0361159.JPG,0,0,6.307736873626709,-1.304927945137024,0.9995061159133911,0.0004939092905260623
G0361160.JPG,1,1,-3.5398454666137695,8.338980674743652,6.935668807273032e-06,0.999993085861206
G0361161.JPG,0,0,15.721230506896973,-9.186418533325195,1.0,1.5231583355701517e-11
G0361162.JPG,0,0,23.39171028137207,-14.603299140930176,1.0,3.1548350925417255e-17
G0361163.JPG,0,0,28.14497947692871,-18.441890716552734,1.0,5.85571818501372e-21
G0361164.JPG,0,0,30.17624282836914,-20.498897552490234,1.0,9.818975668657453e-23
G0361165.JPG,0,0,21.38094139099121,-13.80858325958252,1.0,5.216548226267767e-16
G0361166.JPG,0,0,11.625167846679688,-6.026174068450928,1.0,2.1583376863532067e-08
G0361167.JPG,1,1,-0.46576979756355286,5.377235412597656,0.0028917279560118914,0.9971082806587219
G0361168.JPG,1,0,0.8685335516929626,2.9606001377105713,0.1098703071475029,0.8901296854019165
G0361169.JPG,0,0,23.764867782592773,-14.600424766540527,1.0,2.178540119888866e-17
G0361170.JPG,0,0,25.075010299682617,-16.327816009521484,1.0,1.0446764842880003e-18
G0361171.JPG,0,0,23.686779022216797,-15.260088920593262,1.0,1.2178386598354889e-17
G0361172.JPG,0,0,19.19672393798828,-12.156384468078613,1.0,2.41834614942045e-14
G0361173.JPG,0,0,14.609332084655762,-8.15523624420166,1.0,1.2985945652133069e-10
G0361174.JPG,1,0,-0.5173972845077515,5.67814302444458,0.0020343544892966747,0.9979656934738159
G0361175.JPG,1,1,-5.889581203460693,11.412946701049805,3.0591966293513906e-08,1.0
G0361176.JPG,0,0,21.467815399169922,-13.261507987976074,1.0,8.265061096292172e-16
G0361177.JPG,0,0,32.78428649902344,-21.698074340820312,1.0,2.180777376275673e-24
G0361178.JPG,0,0,36.251224517822266,-24.00981903076172,1.0,6.744679850581987e-27
G0361179.JPG,0,0,32.72261047363281,-21.34198570251465,1.0,3.311642024422334e-24
G0361180.JPG,0,0,27.076948165893555,-17.250885009765625,1.0,5.606164256555007e-20
G0361181.JPG,0,0,8.118429183959961,-3.019280433654785,0.9999854564666748,1.455284291296266e-05
G0361182.JPG,1,1,-5.640268325805664,11.363450050354004,4.124568775409898e-08,1.0
G0361183.JPG,0,0,11.029939651489258,-5.6610307693481445,1.0,5.639014588609825e-08
G0361184.JPG,0,0,27.749149322509766,-17.80759620666504,1.0,1.6404235549019636e-20
G0361185.JPG,0,0,26.353879928588867,-16.752042770385742,1.0,1.9025481083555536e-19
G0361186.JPG,0,0,33.02513122558594,-22.178497314453125,1.0,1.060153523185365e-24
G0361187.JPG,0,0,29.533605575561523,-19.344446182250977,1.0,5.92286461162739e-22
G0361188.JPG,0,0,13.83340072631836,-7.4945759773254395,1.0,5.462325591842898e-10
G0361189.JPG,1,1,-2.471555709838867,8.613372802734375,1.5341578546212986e-05,0.999984622001648
G0361190.JPG,0,0,9.988615989685059,-4.151900291442871,0.9999992847442627,7.225227136586909e-07
G0361191.JPG,0,0,21.202930450439453,-12.891530990600586,1.0,1.5594245018283725e-15
G0361192.JPG,0,0,26.269582748413086,-16.825942993164062,1.0,1.9224283604025e-19
G0361193.JPG,0,0,14.481334686279297,-8.331918716430664,1.0,1.2368868429479818e-10
G0361194.JPG,0,0,17.337303161621094,-10.468354225158691,1.0,8.397632632675678e-13
G0361195.JPG,0,0,14.507843971252441,-8.49075698852539,1.0,1.0276256234842407e-10
G0361196.JPG,1,1,-3.70184588432312,9.677672386169434,1.546494218018779e-06,0.9999984502792358
G0361197.JPG,0,0,5.039973735809326,-0.5465171337127686,0.9962658286094666,0.003734162077307701
G0361198.JPG,0,0,21.136062622070312,-13.031485557556152,1.0,1.4495124478014704e-15
G0361199.JPG,0,0,31.335378646850586,-20.165040969848633,1.0,4.301816919439946e-23
G0361200.JPG,0,0,26.667720794677734,-17.05029296875,1.0,1.0315917406930273e-19
G0361201.JPG,0,0,32.90526580810547,-21.929731369018555,1.0,1.5327187749133622e-24
G0361202.JPG,0,0,22.909137725830078,-14.553146362304688,1.0,5.3744836073326395e-17
G0361203.JPG,0,0,16.445270538330078,-10.01878833770752,1.0,3.2122228054570767e-12
G0361204.JPG,1,0,0.062159571796655655,5.212477207183838,0.005764144938439131,0.9942359328269958
G0361205.JPG,0,1,4.369062900543213,0.1410870999097824,0.9856276512145996,0.014372301287949085
G0361206.JPG,0,0,17.2093505859375,-10.30604362487793,1.0,1.1225769662795426e-12
G0361207.JPG,0,0,24.34627914428711,-15.668991088867188,1.0,4.183973836883045e-18
G0361208.JPG,0,0,19.559616088867188,-11.73681926727295,1.0,2.559354265248715e-14
G0361209.JPG,0,0,25.16356086730957,-16.4468994140625,1.0,8.488042511385061e-19
G0361210.JPG,0,0,19.365345001220703,-12.227363586425781,1.0,1.9030973628583747e-14
G0361211.JPG,0,0,9.146390914916992,-4.12569522857666,0.9999983310699463,1.7218904986293637e-06
G0361212.JPG,0,1,3.262462854385376,1.2081806659698486,0.886379599571228,0.11362040042877197
G0361213.JPG,0,0,32.49553680419922,-21.020849227905273,1.0,5.729649399205369e-24
G0361214.JPG,0,0,38.59275817871094,-25.76061248779297,1.0,1.126383377981656e-28
G0361215.JPG,0,0,23.850412368774414,-15.071465492248535,1.0,1.2486560180187032e-17
G0361216.JPG,0,0,31.01309585571289,-20.65312385559082,1.0,3.644559470226421e-23
G0361217.JPG,0,0,19.006807327270508,-11.868328094482422,1.0,3.9003092341125326e-14
G0361218.JPG,0,0,9.762215614318848,-4.607334613800049,0.9999994039535522,5.746232432102261e-07
G0361219.JPG,1,1,-6.092099189758301,11.610123634338379,2.0512676002226726e-08,1.0
G0361220.JPG,0,0,17.28883934020996,-10.545354843139648,1.0,8.161369800460672e-13
G0361221.JPG,0,0,26.949296951293945,-16.906070709228516,1.0,8.991973477508524e-20
G0361222.JPG,0,0,27.67472267150879,-18.16008186340332,1.0,1.242216465417592e-20
G0361223.JPG,0,0,13.628521919250488,-7.697981834411621,1.0,5.47037470877143e-10
G0361224.JPG,0,0,9.754878997802734,-4.356494903564453,0.9999992847442627,7.438885631927405e-07
G0361225.JPG,0,0,8.383919715881348,-3.1131560802459717,0.9999898672103882,1.0159654266317375e-05
G0361226.JPG,1,1,-1.1667691469192505,5.93166971206665,0.0008257118170149624,0.9991742968559265
G0361227.JPG,0,0,23.38045310974121,-14.889374732971191,1.0,2.3967599607754605e-17
G0361228.JPG,0,0,24.152793884277344,-15.18932056427002,1.0,8.20232874434011e-18
G0361229.JPG,0,0,20.62253761291504,-12.974869728088379,1.0,2.563486134317069e-15
G0361230.JPG,0,0,17.21406364440918,-10.177339553833008,1.0,1.2707634423902991e-12
G0361231.JPG,0,0,21.327220916748047,-13.311168670654297,1.0,9.05187476555702e-16
G0361232.JPG,0,0,16.83292579650879,-9.97258472442627,1.0,2.283043979561805e-12
G0361233.JPG,1,0,0.5493158102035522,4.932124137878418,0.012336153537034988,0.9876638054847717
G0361234.JPG,0,1,9.702055931091309,-4.936186790466309,0.9999995231628418,4.3922975123678043e-07
G0361235.JPG,0,0,17.74279022216797,-10.95134449005127,1.0,3.4537910725829235e-13
G0361236.JPG,0,0,17.44755744934082,-10.905519485473633,1.0,4.857526056736838e-13
G0361237.JPG,0,0,13.844464302062988,-7.38707971572876,1.0,6.01530159016761e-10
G0361238.JPG,0,0,14.345029830932617,-7.872591495513916,1.0,2.2439330948920144e-10
G0361239.JPG,0,0,18.5260009765625,-11.168672561645508,1.0,1.269893071991282e-13
G0361240.JPG,0,0,20.610254287719727,-12.743368148803711,1.0,3.2711904203192727e-15
G0361241.JPG,1,1,-1.7218505144119263,6.810102462768555,0.00019703092402778566,0.9998030066490173
G0361242.JPG,0,0,2.7552969455718994,1.548242211341858,0.7697774171829224,0.23022261261940002
G0361243.JPG,0,0,23.88655662536621,-14.751324653625488,1.0,1.6587500800001392e-17
G0361244.JPG,0,0,23.4049015045166,-14.683989524841309,1.0,2.872137515523358e-17
G0361245.JPG,0,0,30.182512283325195,-19.545005798339844,1.0,2.5328771188385214e-22
G0361246.JPG,0,0,26.066904067993164,-16.815391540527344,1.0,2.379339795569035e-19
G0361247.JPG,0,0,21.66840934753418,-13.825393676757812,1.0,3.8480119164655707e-16
G0361248.JPG,1,1,-2.5947811603546143,7.439706802368164,4.385895954328589e-05,0.9999561309814453
G0361249.JPG,1,0,-0.19047442078590393,5.0886993408203125,0.005070795305073261,0.9949291944503784
G0361250.JPG,0,0,17.151994705200195,-10.471195220947266,1.0,1.0078618712175413e-12
G0361251.JPG,0,0,17.806034088134766,-10.492189407348633,1.0,5.131421546358816e-13
G0361252.JPG,0,0,12.471579551696777,-6.70007848739624,1.0,4.719053592339151e-09
G0361253.JPG,0,0,10.099884033203125,-5.255927085876465,0.9999997615814209,2.1431662844406674e-07
G0361254.JPG,0,0,6.653995037078857,-1.4106427431106567,0.9996856451034546,0.0003143660433124751
G0361255.JPG,1,1,-2.2352378368377686,6.814887523651123,0.00011736257147276774,0.9998825788497925
G0361256.JPG,0,0,13.337185859680176,-7.146103858947754,1.0,1.2712187968944022e-09
G0361257.JPG,0,0,28.887683868408203,-18.384506225585938,1.0,2.9508606104288728e-21
G0361258.JPG,0,0,26.43442153930664,-16.694225311279297,1.0,1.859801740744286e-19
G0361259.JPG,0,0,29.730953216552734,-19.489032745361328,1.0,4.207573284815002e-22
G0361260.JPG,0,0,26.185016632080078,-17.177547454833984,1.0,1.4718978481799872e-19
G0361261.JPG,0,0,17.982454299926758,-10.878347396850586,1.0,2.923567150089207e-13
G0361262.JPG,0,1,4.306944370269775,0.7590782642364502,0.9720194935798645,0.02798055298626423
G0361263.JPG,1,0,-2.337587594985962,7.509106159210205,5.2919065637979656e-05,0.9999470710754395
G0361264.JPG,0,0,21.94379997253418,-13.838052749633789,1.0,2.8849534548875603e-16
G0361265.JPG,0,0,9.486212730407715,-4.237143516540527,0.999998927116394,1.0965328556267195e-06
G0361266.JPG,0,0,13.406982421875,-7.744664192199707,1.0,6.515639139337281e-10
G0361267.JPG,0,0,20.531692504882812,-13.029287338256836,1.0,2.6585865467118087e-15
G0361268.JPG,0,0,12.73251724243164,-6.6818718910217285,1.0,3.7020146947952526e-09
G0361269.JPG,1,1,-0.27007222175598145,5.567220211029053,0.002908246126025915,0.9970917701721191
G0361270.JPG,0,0,4.812222480773926,-0.42693811655044556,0.9947233200073242,0.005276716314256191
G0361271.JPG,0,0,20.256134033203125,-12.216948509216309,1.0,7.890763272010246e-15
G0361272.JPG,0,0,15.156073570251465,-8.15163516998291,1.0,7.543809327215101e-11
G0361273.JPG,0,0,15.081280708312988,-8.430266380310059,1.0,6.152687387350753e-11
G0361274.JPG,0,0,19.308115005493164,-12.133870124816895,1.0,2.2126816370360118e-14
G0361275.JPG,0,0,13.60651969909668,-7.67330265045166,1.0,5.731788377261182e-10
G0361276.JPG,0,0,11.514451026916504,-5.8266472816467285,1.0,2.9434486847890184e-08
G0361277.JPG,1,1,-7.784531116485596,13.972091674804688,3.558106864698374e-10,1.0
G0361278.JPG,0,0,9.498913764953613,-4.372110843658447,0.9999990463256836,9.459973284720036e-07
G0361279.JPG,0,0,19.86774444580078,-11.772926330566406,1.0,1.8139749278405295e-14
G0361280.JPG,0,0,28.013607025146484,-17.640901565551758,1.0,1.4876405492652918e-20
G0361281.JPG,0,0,27.955137252807617,-18.213655471801758,1.0,8.895043096236368e-21
G0361282.JPG,0,0,30.483890533447266,-20.567808151245117,1.0,6.73798095347582e-23
G0361283.JPG,0,0,13.454751014709473,-7.479750156402588,1.0,8.095831782739538e-10
G0361284.JPG,1,1,-9.370555877685547,15.731119155883789,1.254529986838282e-11,1.0
G0361285.JPG,0,0,16.19474983215332,-9.44517707824707,1.0,7.323542813852946e-12
G0361286.JPG,0,0,45.1290397644043,-30.28948974609375,1.0,1.7625731474923934e-33
G0361287.JPG,0,0,44.10295486450195,-29.974679946899414,1.0,6.737381136568466e-33
G0361288.JPG,0,0,23.059003829956055,-14.888151168823242,1.0,3.3094814711421894e-17
G0361289.JPG,0,0,24.207792282104492,-15.946828842163086,1.0,3.639733661576231e-18
G0361290.JPG,0,0,33.357688903808594,-22.88716697692871,1.0,3.7425587730135087e-25
G0361291.JPG,0,0,5.5842461585998535,-0.11663362383842468,0.9966681599617004,0.003331885440275073
G0361292.JPG,1,1,-4.690591812133789,9.968196868896484,4.302974332404119e-07,0.9999995231628418
G0361293.JPG,0,0,9.755136489868164,-4.869831562042236,0.9999995231628418,4.4509948793347576e-07
G0361294.JPG,0,0,23.334243774414062,-14.789847373962402,1.0,2.7727913041583915e-17
G0361295.JPG,0,0,21.7302303314209,-13.85731029510498,1.0,3.5037081111810706e-16
G0361296.JPG,0,0,20.964548110961914,-13.394551277160645,1.0,1.196829602383067e-15
G0361297.JPG,0,0,26.086999893188477,-17.650564193725586,1.0,1.0116196586733905e-19
G0361298.JPG,0,0,12.487296104431152,-6.550195217132568,1.0,5.396631586052081e-09
G0361299.JPG,1,0,-4.557833194732666,9.377037048339844,8.874882269083173e-07,0.9999991655349731
G0361300.JPG,0,1,4.340758800506592,-0.21042847633361816,0.9895555377006531,0.010444425977766514
G0361301.JPG,0,0,28.550281524658203,-18.83895492553711,1.0,2.6249203490306525e-21
G0361302.JPG,0,0,33.97898483276367,-22.598264694213867,1.0,2.684191921170856e-25
G0361303.JPG,0,0,32.53036117553711,-21.526424407958984,1.0,3.337615664157188e-24
G0361304.JPG,0,0,24.631784439086914,-16.23223114013672,1.0,1.7905414169167323e-18
G0361305.JPG,0,0,17.32747459411621,-10.228439331054688,1.0,1.0779996686971494e-12
G0361306.JPG,0,0,11.061734199523926,-5.157375335693359,0.9999998807907104,9.03921204553626e-08
G0361307.JPG,1,1,-4.275179862976074,9.390788078308105,1.1613016113187768e-06,0.9999988079071045
G0361308.JPG,0,0,18.309913635253906,-10.892047882080078,1.0,2.0784963377165622e-13
G0361309.JPG,0,0,17.682695388793945,-10.40872573852539,1.0,6.31031143137617e-13
G0361310.JPG,0,0,15.711564064025879,-8.97729778289795,1.0,1.8956735486908016e-11
G0361311.JPG,0,0,26.153995513916016,-16.991374969482422,1.0,1.8289578559128028e-19
G0361312.JPG,0,0,22.57950782775879,-14.201207160949707,1.0,1.0625222318516326e-16
G0361313.JPG,0,0,9.979406356811523,-4.802414894104004,0.9999996423721313,3.8048403894208604e-07
G0361314.JPG,1,0,-5.36073112487793,10.352731704711914,1.4987519136866467e-07,0.9999998807907104
G0361315.JPG,0,1,6.619959354400635,-2.2937159538269043,0.9998654127120972,0.00013451835548039526
G0361316.JPG,0,0,13.284454345703125,-6.817362308502197,1.0,1.861624965293629e-09
G0361317.JPG,0,0,30.740785598754883,-19.602941513061523,1.0,1.3677197168429898e-22
G0361318.JPG,0,0,27.19825553894043,-17.31557846069336,1.0,4.654664214048941e-20
G0361319.JPG,0,0,26.555509567260742,-16.846214294433594,1.0,1.4153700053287325e-19
G0361320.JPG,0,0,26.697404861450195,-17.71059799194336,1.0,5.1742638550552344e-20
G0361321.JPG,1,0,-1.3156546354293823,6.980759620666504,0.0002493473293725401,0.9997506737709045
G0361322.JPG,0,1,7.458088397979736,-2.381094217300415,0.9999467134475708,5.331802458385937e-05
G0361323.JPG,0,0,23.95622444152832,-15.001416206359863,1.0,1.2047896375182811e-17
G0361324.JPG,0,0,24.148740768432617,-15.469462394714355,1.0,6.2234815221320595e-18
G0361325.JPG,0,0,21.946331024169922,-13.932660102844238,1.0,2.6178969368102843e-16
G0361326.JPG,0,0,20.827211380004883,-12.739352226257324,1.0,2.6437905751891706e-15
G0361327.JPG,0,0,10.61340045928955,-4.260806083679199,0.9999996423721313,3.4690776828938397e-07
G0361328.JPG,1,0,-1.0711688995361328,5.650222301483154,0.001203410909511149,0.9987965822219849
G0361329.JPG,0,1,13.609038352966309,-7.465673446655273,1.0,7.036705107488217e-10
G0361330.JPG,0,0,28.69576072692871,-17.930030822753906,1.0,5.632162930948461e-21
G0361331.JPG,0,0,19.951990127563477,-11.798196792602539,1.0,1.625807066827755e-14
G0361332.JPG,0,0,23.953449249267578,-14.84233283996582,1.0,1.416462592010702e-17
G0361333.JPG,0,0,33.324466705322266,-21.56130599975586,1.0,1.4568397235543503e-24
G0361334.JPG,0,0,23.497419357299805,-14.77997875213623,1.0,2.3786888768052595e-17
G0361335.JPG,1,0,-3.1155149936676025,9.808100700378418,2.4397429569944507e-06,0.999997615814209
G0361336.JPG,0,1,7.051497459411621,-2.462763786315918,0.9999262094497681,7.378648297162727e-05
G0361337.JPG,0,0,24.699735641479492,-15.72736644744873,1.0,2.7716160873031068e-18
G0361338.JPG,0,0,25.382038116455078,-16.216047286987305,1.0,8.5937334462024925e-19
G0361339.JPG,0,0,21.742023468017578,-13.776870727539062,1.0,3.7526688291314426e-16
G0361340.JPG,0,0,28.42316246032715,-18.65349578857422,1.0,3.5881144151086165e-21
G0361341.JPG,0,0,23.31760025024414,-14.510168075561523,1.0,3.729149238815253e-17
G0361342.JPG,0,0,5.558149337768555,-0.6680645942687988,0.9980269074440002,0.0019730220083147287
G0361343.JPG,1,1,-1.2299892902374268,5.493910789489746,0.001200399361550808,0.9987995624542236
G0361344.JPG,0,0,9.621996879577637,-4.148166656494141,0.999998927116394,1.0463897979207104e-06
G0361345.JPG,0,0,31.80767059326172,-20.307165145874023,1.0,2.3270921809754905e-23
G0361346.JPG,0,0,31.318552017211914,-20.322248458862305,1.0,3.7383960526242705e-23
G0361347.JPG,0,0,27.807775497436523,-17.647645950317383,1.0,1.8153538367636026e-20
G0361348.JPG,0,0,20.728866577148438,-12.865848541259766,1.0,2.5703994054743218e-15
G0361349.JPG,0,0,19.543882369995117,-12.292441368103027,1.0,1.4916285776532014e-14
G0361350.JPG,1,1,-1.7562295198440552,6.887797832489014,0.00017614485113881528,0.9998238682746887
G0361351.JPG,0,0,6.3275370597839355,-1.472762942314148,0.9995905756950378,0.00040944432839751244
G0361352.JPG,0,0,33.35694122314453,-21.962879180908203,1.0,9.438592541072308e-25
G0361353.JPG,0,0,26.290632247924805,-16.729324340820312,1.0,2.0733346677126994e-19
G0361354.JPG,0,0,25.40464210510254,-16.311307907104492,1.0,7.638236958115059e-19
G0361355.JPG,0,0,26.24602508544922,-16.88656234741211,1.0,1.8524875254247565e-19
G0361356.JPG,0,0,16.271018981933594,-9.919598579406738,1.0,4.222403243020478e-12
G0361357.JPG,1,1,-6.78908634185791,12.839561462402344,2.9880440344243198e-09,1.0
G0361358.JPG,0,0,5.902261257171631,-1.400570034980774,0.9993268251419067,0.0006731754401698709
G0361359.JPG,0,0,23.17671775817871,-14.609101295471191,1.0,3.888900645284149e-17
G0361360.JPG,0,0,23.524188995361328,-14.571064949035645,1.0,2.85392035145698e-17
G0361361.JPG,0,0,33.2366828918457,-21.8504638671875,1.0,1.1911217883919678e-24
G0361362.JPG,0,0,34.9920768737793,-23.53630828857422,1.0,3.8145674139265217e-26
G0361363.JPG,0,0,12.88772964477539,-7.120634078979492,1.0,2.043986535582576e-09
G0361364.JPG,1,1,-3.231476306915283,9.16929817199707,4.115384854230797e-06,0.9999958276748657
G0361365.JPG,0,0,3.0703163146972656,1.884421944618225,0.7660059928894043,0.2339940220117569
G0361366.JPG,0,0,36.040218353271484,-23.263988494873047,1.0,1.7559421289661697e-26
G0361367.JPG,0,0,38.485713958740234,-25.55752944946289,1.0,1.5359347880680322e-28
G0361368.JPG,0,0,36.01597213745117,-24.031429290771484,1.0,8.351123439470646e-27
G0361369.JPG,0,0,32.16765213012695,-21.756362915039062,1.0,3.811516753220564e-24
G0361370.JPG,0,0,17.196964263916016,-10.515730857849121,1.0,9.215714129318098e-13
G0361371.JPG,1,1,-0.9851413369178772,5.603544235229492,0.0013739571440964937,0.9986261129379272
G0361372.JPG,0,0,8.677072525024414,-3.7111563682556152,0.9999958276748657,4.167336101090768e-06
G0361373.JPG,0,0,29.2644100189209,-18.79762840270996,1.0,1.3394358348383232e-21
G0361374.JPG,0,0,33.74689483642578,-22.25960922241211,1.0,4.749898650240006e-25
G0361375.JPG,0,0,37.41061782836914,-24.714529037475586,1.0,1.045664500302103e-27
G0361376.JPG,0,0,30.41156005859375,-19.93813705444336,1.0,1.3595787985188538e-22
G0361377.JPG,0,0,31.264549255371094,-20.90522575378418,1.0,2.2026919716657578e-23
G0361378.JPG,0,1,3.1760923862457275,2.1734704971313477,0.731573760509491,0.26842623949050903
G0361379.JPG,1,0,-1.3646975755691528,6.1027655601501465,0.0005710497498512268,0.999428927898407
G0361380.JPG,0,0,21.85000228881836,-13.72326374053955,1.0,3.554080895856488e-16
G0361381.JPG,0,0,27.44911766052246,-17.853050231933594,1.0,2.1160095940609064e-20
G0361382.JPG,0,0,38.45874786376953,-25.98269271850586,1.0,1.0314297354160182e-28
G0361383.JPG,0,0,31.249755859375,-20.722618103027344,1.0,2.6833958816313976e-23
G0361384.JPG,0,0,27.025535583496094,-17.918331146240234,1.0,3.027796404552617e-20
G0361385.JPG,0,0,6.405754089355469,-0.5761438608169556,0.9990723133087158,0.0009276779601350427
G0361386.JPG,1,1,-5.311465263366699,10.971385955810547,8.481001145810296e-08,0.9999998807907104
G0361387.JPG,0,0,11.838896751403809,-5.61780309677124,1.0,2.622115147232762e-08
G0361388.JPG,0,0,29.16722297668457,-18.568187713623047,1.0,1.856836702145067e-21
G0361389.JPG,0,0,38.40117263793945,-25.718887329101562,1.0,1.422372810379725e-28
G0361390.JPG,0,0,26.01976203918457,-16.463308334350586,1.0,3.546802091105006e-19
G0361391.JPG,0,0,22.665390014648438,-14.042723655700684,1.0,1.1425320376069878e-16
G0361392.JPG,0,0,18.595232009887695,-11.500730514526367,1.0,8.501382378015704e-14
G0361393.JPG,1,0,-0.3246224522590637,5.740016460418701,0.0023182097356766462,0.997681736946106
G0361394.JPG,0,1,6.998755931854248,-1.7260383367538452,0.9998375177383423,0.00016247980238404125
G0361395.JPG,0,0,35.478553771972656,-23.495790481567383,1.0,2.442128627363987e-26
G0361396.JPG,0,0,30.962995529174805,-20.127553939819336,1.0,6.481213039713622e-23
G0361397.JPG,0,0,25.06278419494629,-16.067249298095703,1.0,1.3723111443916788e-18
G0361398.JPG,0,0,18.467016220092773,-11.147714614868164,1.0,1.375579880037725e-13
G0361399.JPG,0,0,22.67201042175293,-14.359509468078613,1.0,8.26827373344243e-17
G0361400.JPG,0,0,9.553523063659668,-4.187095642089844,0.999998927116394,1.077766341950337e-06
G0361401.JPG,1,1,-3.9930577278137207,8.923188209533691,2.4577877866249764e-06,0.9999974966049194
G0361402.JPG,0,0,19.06209945678711,-11.530055046081543,1.0,5.176017085642762e-14
G0361403.JPG,0,0,35.20329284667969,-22.897754669189453,1.0,5.848381174524926e-26
G0361404.JPG,0,0,44.0496826171875,-29.42441749572754,1.0,1.2319826583826556e-32
G0361405.JPG,0,0,55.01691436767578,-37.781917572021484,1.0,4.988622532996349e-41
G0361406.JPG,0,0,35.96759033203125,-24.092140197753906,1.0,8.248794159293486e-27
G0361407.JPG,0,0,24.89704132080078,-15.654934883117676,1.0,2.4462505904148144e-18
G0361408.JPG,1,0,-7.761312961578369,13.974836349487305,3.6317046592238e-10,1.0
G0361409.JPG,1,1,-2.192781925201416,7.525479793548584,6.017088526277803e-05,0.9999397993087769
G0361410.JPG,0,0,27.2412109375,-17.555341720581055,1.0,3.508355059350968e-20
G0361411.JPG,0,0,35.9821891784668,-24.009000778198242,1.0,8.834014165542791e-27
G0361412.JPG,0,0,38.03034973144531,-25.77984046936035,1.0,1.9390425180429748e-28
G0361413.JPG,0,0,28.180484771728516,-18.425100326538086,1.0,5.7471487101322176e-21
G0361414.JPG,0,0,16.529254913330078,-9.909842491149902,1.0,3.293407647292357e-12
G0361415.JPG,1,0,-0.05898868292570114,5.253366947174072,0.004906111396849155,0.9950939416885376
G0361416.JPG,1,1,0.0815054252743721,4.570241928100586,0.011110009625554085,0.9888899326324463
G0361417.JPG,0,0,16.840652465820312,-9.605685234069824,1.0,3.269648224044075e-12
G0361418.JPG,0,0,42.66801452636719,-28.608348846435547,1.0,1.109345992317335e-31
G0361419.JPG,0,0,35.437110900878906,-23.65503692626953,1.0,2.1707324344279686e-26
G0361420.JPG,0,0,39.14405822753906,-26.810956954956055,1.0,2.2703877811555847e-29
G0361421.JPG,0,0,23.751733779907227,-15.576884269714355,1.0,8.313782232894893e-18
G0361422.JPG,0,0,2.8548879623413086,2.447418689727783,0.6004809141159058,0.3995191156864166
G0361423.JPG,1,1,2.033508539199829,2.97389817237854,0.28082165122032166,0.7191783785820007
G0361424.JPG,0,0,37.56775665283203,-25.13510513305664,1.0,5.868040836285638e-28
G0361425.JPG,0,0,24.398977279663086,-14.675798416137695,1.0,1.0716193491615315e-17
G0361426.JPG,0,0,22.929641723632812,-14.326946258544922,1.0,6.601907801542515e-17
G0361427.JPG,0,0,34.02989959716797,-23.210813522338867,1.0,1.3825260680541364e-25
G0361428.JPG,0,0,17.73995018005371,-10.8446626663208,1.0,3.853540750387019e-13
G0361429.JPG,0,0,13.392701148986816,-7.278648376464844,1.0,1.0532885674763293e-09
G0361430.JPG,1,1,-6.603334903717041,12.198871612548828,6.828190901586595e-09,1.0
G0361431.JPG,0,0,19.002649307250977,-11.378792762756348,1.0,6.390089737733085e-14
G0361432.JPG,0,0,35.69902420043945,-23.274011611938477,1.0,2.4453167347567278e-26
G0361433.JPG,0,0,40.971466064453125,-27.948570251464844,1.0,1.1705999685036558e-30
G0361434.JPG,0,0,57.23686218261719,-39.81208801269531,1.0,7.118596198770071e-43
G0361435.JPG,0,0,37.87085723876953,-26.08026123046875,1.0,1.6841551991824246e-28
G0361436.JPG,0,0,25.175748825073242,-16.48720932006836,1.0,8.053932956038403e-19
G0361437.JPG,0,0,5.442091464996338,-0.4775148928165436,0.9973209500312805,0.0026790613774210215
G0361438.JPG,1,1,-6.571884632110596,12.901396751403809,3.490287170393458e-09,1.0
G0361439.JPG,0,0,24.2703914642334,-15.156249046325684,1.0,7.537512105502666e-18
G0361440.JPG,0,0,30.84535026550293,-19.686044692993164,1.0,1.1336891725064137e-22
G0361441.JPG,0,0,20.579299926757812,-12.72577953338623,1.0,3.4338976144320616e-15
G0361442.JPG,0,0,35.411170959472656,-23.86528205871582,1.0,1.8053624157855195e-26
G0361443.JPG,0,0,18.510040283203125,-11.473880767822266,1.0,9.50929940801877e-14
G0361444.JPG,1,0,-5.749955654144287,11.675313949584961,2.7058353779807476e-08,1.0
G0361445.JPG,0,1,5.576407432556152,-0.6387685537338257,0.9980050921440125,0.001994876889511943
G0361446.JPG,0,0,44.374244689941406,-29.66431999206543,1.0,7.005821434626059e-33
G0361447.JPG,0,0,42.43172073364258,-28.36013412475586,1.0,1.8008936682351849e-31
G0361448.JPG,0,0,32.818206787109375,-21.689804077148438,1.0,2.1255515908838655e-24
G0361449.JPG,0,0,28.92091941833496,-19.114408493041992,1.0,1.375694961755255e-21
G0361450.JPG,0,0,23.822900772094727,-15.531506538391113,1.0,8.102100923878285e-18
G0361451.JPG,0,0,11.107369422912598,-5.363400936126709,0.9999998807907104,7.028060622360499e-08
G0361452.JPG,1,1,-4.236745357513428,9.39267349243164,1.2045306903019082e-06,0.9999988079071045
G0361453.JPG,0,0,13.333030700683594,-7.2870259284973145,1.0,1.1087238904750052e-09
G0361454.JPG,0,0,25.80817222595215,-16.540637969970703,1.0,4.056451072459713e-19
G0361455.JPG,0,0,30.266361236572266,-20.1607723236084,1.0,1.2582732810703715e-22
G0361456.JPG,0,0,31.207874298095703,-20.719295501708984,1.0,2.80748023103468e-23
G0361457.JPG,0,0,23.090543746948242,-14.454885482788086,1.0,4.945694353608831e-17
G0361458.JPG,0,0,17.88715171813965,-11.066951751708984,1.0,2.66313148833755e-13
G0361459.JPG,1,1,-3.3961269855499268,8.5482816696167,6.49540925223846e-06,0.9999935626983643
G0361460.JPG,0,0,15.29222583770752,-8.84691333770752,1.0,3.2847707193139897e-11
G0361461.JPG,0,0,30.08026885986328,-19.39200782775879,1.0,3.269369776856362e-22
G0361462.JPG,0,0,50.22591781616211,-34.8865966796875,1.0,1.0866831930619407e-37
G0361463.JPG,0,0,41.20638656616211,-27.94628143310547,1.0,9.276400503977353e-31
G0361464.JPG,0,0,38.35028839111328,-26.47174644470215,1.0,7.049318875101542e-29
G0361465.JPG,0,0,17.36454963684082,-10.063358306884766,1.0,1.2252111217941897e-12
G0361466.JPG,1,0,1.000647783279419,3.974392890930176,0.04862616956233978,0.9513737559318542
G0361467.JPG,1,1,-3.9820168018341064,8.760478019714355,2.924177124441485e-06,0.9999970197677612
G0361468.JPG,0,0,26.02829933166504,-16.554624557495117,1.0,3.2097495144383167e-19
G0361469.JPG,0,0,47.253021240234375,-31.756643295288086,1.0,4.858898437489863e-35
G0361470.JPG,0,0,25.814786911010742,-16.4941349029541,1.0,4.2215185826098495e-19
G0361471.JPG,0,0,35.7520866394043,-23.988279342651367,1.0,1.1352448753600982e-26
G0361472.JPG,0,0,18.11863899230957,-11.13920783996582,1.0,1.9655251818490038e-13
G0361473.JPG,1,0,-8.318266868591309,14.957844734191895,7.785978112240244e-11,1.0
G0361474.JPG,1,1,2.100796699523926,2.202042818069458,0.474710077047348,0.5252899527549744
G0361475.JPG,0,0,37.71501541137695,-25.281925201416016,1.0,4.372968383477048e-28
G0361476.JPG,0,0,40.915794372558594,-27.762304306030273,1.0,1.491007755091469e-30
G0361477.JPG,0,0,34.54535675048828,-23.25542449951172,1.0,7.896591338494823e-26
G0361478.JPG,0,0,26.914857864379883,-17.81667709350586,1.0,3.7440391722652127e-20
G0361479.JPG,0,0,17.26811408996582,-10.604653358459473,1.0,7.852546195750987e-13
G0361480.JPG,0,0,6.751668930053711,-1.861247181892395,0.9998182654380798,0.0001817101292544976
G0361481.JPG,1,1,-1.3342103958129883,6.249061584472656,0.0005086345481686294,0.9994913339614868
G0361482.JPG,0,0,9.578892707824707,-4.177072525024414,0.999998927116394,1.0613528047542786e-06
G0361483.JPG,0,0,10.498008728027344,-4.148265361785889,0.9999995231628418,4.357160605650279e-07
G0361484.JPG,0,0,14.015543937683105,-7.062363147735596,1.0,7.014246961034587e-10
G0350686.JPG,0,0,9.096589088439941,-3.469759225845337,0.999996542930603,3.4874087759817485e-06
G0350687.JPG,0,0,12.023842811584473,-5.79908561706543,1.0,1.8180260852318497e-08
G0350688.JPG,0,0,8.104815483093262,-2.9977097511291504,0.9999849796295166,1.5073976101120934e-05
G0350689.JPG,0,0,14.491072654724121,-8.10520076751709,1.0,1.5366082017909122e-10
G0350690.JPG,0,0,5.658618450164795,-0.9472813606262207,0.998649537563324,0.001350539387203753
G0350691.JPG,1,1,-4.8467326164245605,10.129470825195312,3.13268770923969e-07,0.9999996423721313
G0350692.JPG,0,0,3.0295026302337646,2.0446221828460693,0.7280755043029785,0.2719244956970215
G0350693.JPG,0,0,23.728425979614258,-15.474482536315918,1.0,9.427435343909735e-18
G0350694.JPG,0,0,32.95272445678711,-21.88750648498535,1.0,1.524717753182158e-24
G0350695.JPG,0,0,22.790639877319336,-14.046028137207031,1.0,1.004702637906421e-16
G0350696.JPG,0,0,45.844966888427734,-31.88690185546875,1.0,1.7437197104320165e-34
G0350697.JPG,0,0,14.549686431884766,-8.46255874633789,1.0,1.0136987776965256e-10
G0350698.JPG,1,1,-6.307496547698975,11.836357116699219,1.3189376701916444e-08,1.0
G0350699.JPG,0,0,18.851795196533203,-11.852375984191895,1.0,4.627519884208703e-14
G0350700.JPG,0,0,47.498268127441406,-32.85877990722656,1.0,1.2629247565169128e-35
G0350701.JPG,0,0,34.12546920776367,-22.547950744628906,1.0,2.4380715095654594e-25
G0350702.JPG,0,0,46.507240295410156,-31.893518447875977,1.0,8.932724490889459e-35
G0350703.JPG,0,0,26.159027099609375,-17.158174514770508,1.0,1.5402074571403819e-19
G0350704.JPG,0,0,13.973052024841309,-7.505455493927002,1.0,4.698968436578355e-10
G0350705.JPG,1,1,1.0789809226989746,3.773179292678833,0.06331656873226166,0.9366834163665771
G0350706.JPG,0,0,11.770180702209473,-5.750603199005127,1.0,2.4593481029455688e-08
G0350707.JPG,0,0,37.978981018066406,-25.119539260864258,1.0,3.9505871503248932e-28
G0350708.JPG,0,0,37.76158905029297,-25.423145294189453,1.0,3.624253247205545e-28
G0350709.JPG,0,0,34.08374786376953,-22.62203025817871,1.0,2.3604382287684624e-25
G0350710.JPG,0,0,49.201602935791016,-33.87736892700195,1.0,8.303495616469398e-37
G0350711.JPG,0,0,23.667417526245117,-15.002250671386719,1.0,1.6068512794434597e-17
G0350712.JPG,0,0,10.46677303314209,-4.264496803283691,0.9999996423721313,4.0021248537414067e-07
G0350713.JPG,1,1,-1.1310675144195557,6.5653533935546875,0.0004542444658000022,0.9995457530021667
G0350714.JPG,0,0,26.758115768432617,-17.30428695678711,1.0,7.31042256717391e-20
G0350715.JPG,0,0,37.12905502319336,-24.860769271850586,1.0,1.197187520159255e-27
G0350716.JPG,0,0,35.081520080566406,-23.354215621948242,1.0,4.184866426557042e-26
G0350717.JPG,0,0,29.611541748046875,-19.558704376220703,1.0,4.422149761922359e-22
G0350718.JPG,0,0,19.422115325927734,-12.229266166687012,1.0,1.7946480076764387e-14
G0350719.JPG,0,0,13.042868614196777,-7.190851211547852,1.0,1.6315768736063774e-09
G0350720.JPG,1,1,-0.8623881936073303,5.668557643890381,0.0014555050292983651,0.9985445737838745
G0350721.JPG,0,0,29.45508575439453,-19.20292854309082,1.0,7.380634630958659e-22
G0350722.JPG,0,0,35.80094909667969,-23.859527587890625,1.0,1.2296575049450582e-26
G0350723.JPG,0,0,31.895055770874023,-20.978370666503906,1.0,1.0898376885170622e-23
G0350724.JPG,0,0,35.98430252075195,-24.096446990966797,1.0,8.07722230501176e-27
G0350725.JPG,0,0,40.210262298583984,-27.168664932250977,1.0,5.4664184948266316e-30
G0350726.JPG,0,0,19.608457565307617,-12.25579833984375,1.0,1.450539348195074e-14
G0350727.JPG,0,0,8.928589820861816,-3.8036112785339355,0.9999970197677612,2.9544335120590404e-06
G0350728.JPG,0,1,5.807338237762451,-1.1600018739700317,0.9990587830543518,0.00094126898329705
G0350729.JPG,0,0,15.0635404586792,-8.292256355285645,1.0,7.189626671788574e-11
G0350730.JPG,0,0,10.384613037109375,-5.036106586456299,0.9999997615814209,2.0084762297756242e-07
G0350731.JPG,0,0,30.97810935974121,-20.391111373901367,1.0,4.9049083390017373e-23
G0350732.JPG,0,0,25.660863876342773,-16.789098739624023,1.0,3.666194238793613e-19
G0350733.JPG,0,0,11.032723426818848,-4.979360103607178,0.9999998807907104,1.1118357434725112e-07
G0350734.JPG,1,1,0.6106030941009521,4.223662853240967,0.026260964572429657,0.9737390279769897
G0350735.JPG,0,0,22.77909278869629,-14.340373039245605,1.0,7.572185366111296e-17
G0350736.JPG,0,0,32.40231704711914,-21.304473876953125,1.0,4.7362766987362625e-24
G0350737.JPG,0,0,34.90684509277344,-23.027141571044922,1.0,6.911769988845926e-26
G0350738.JPG,0,0,29.82193946838379,-19.54134178161621,1.0,3.6458545905061764e-22
G0350739.JPG,0,0,33.29803466796875,-22.097774505615234,1.0,8.747939888170654e-25
G0350740.JPG,0,0,21.431163787841797,-13.463799476623535,1.0,7.003424579598205e-16
G0350741.JPG,0,0,12.156752586364746,-6.208685398101807,1.0,1.0567966057806188e-08
G0350742.JPG,1,1,-7.787596702575684,14.172133445739746,2.904091966904332e-10,1.0
G0350743.JPG,0,0,43.487178802490234,-29.47484588623047,1.0,2.0558761428932364e-32
G0350744.JPG,0,0,28.266132354736328,-18.41796112060547,1.0,5.313195543620121e-21
G0350745.JPG,0,0,24.89298439025879,-15.895918846130371,1.0,1.930211070141464e-18
G0350746.JPG,0,0,22.9810733795166,-14.23336124420166,1.0,6.886142280139007e-17
G0350747.JPG,0,0,8.946094512939453,-3.9031362533569336,0.9999973773956299,2.6281420559826074e-06
G0350748.JPG,0,0,13.488767623901367,-7.228487968444824,1.0,1.0060293709202028e-09
G0350749.JPG,1,1,-2.710521697998047,7.709228992462158,2.9836442990927026e-05,0.9999701976776123
G0350750.JPG,0,0,20.999975204467773,-13.145849227905273,1.0,1.4813472282119576e-15
G0350751.JPG,0,0,40.699737548828125,-27.212020874023438,1.0,3.208470641247381e-30
G0350752.JPG,0,0,35.81903076171875,-23.843494415283203,1.0,1.2271411619169196e-26
G0350753.JPG,0,0,32.85410690307617,-22.2960205078125,1.0,1.118417606353631e-24
G0350754.JPG,0,0,25.780019760131836,-16.948408126831055,1.0,2.7751056521147383e-19
G0350755.JPG,0,0,7.780703544616699,-2.882321357727051,0.999976634979248,2.339359707548283e-05
G0350756.JPG,1,1,-3.4853153228759766,8.671446800231934,5.2527047955663875e-06,0.9999947547912598
G0350757.JPG,0,0,13.38893985748291,-7.383435249328613,1.0,9.520770838378212e-10
G0350758.JPG,0,0,36.27705383300781,-24.239517211914062,1.0,5.223806869866408e-27
G0350759.JPG,0,0,32.5661735534668,-21.411436080932617,1.0,3.612624803061264e-24
G0350760.JPG,0,0,21.462270736694336,-12.845437049865723,1.0,1.2599445683818267e-15
G0350761.JPG,0,0,19.7351016998291,-12.087642669677734,1.0,1.5120207264517592e-14
G0350762.JPG,0,0,19.29994773864746,-11.716851234436035,1.0,3.385126854933522e-14
G0350763.JPG,1,1,-2.7405855655670166,8.209626197814941,1.7553995348862372e-05,0.999982476234436
G0350764.JPG,1,0,2.2349371910095215,2.3510568141937256,0.4710026681423187,0.5289973616600037
G0350765.JPG,0,0,32.439369201660156,-20.92364501953125,1.0,6.679398880476659e-24
G0350766.JPG,0,0,25.27803611755371,-15.677391052246094,1.0,1.6341171169871623e-18
G0350767.JPG,0,0,24.782943725585938,-15.699774742126465,1.0,2.6216720236898538e-18
G0350768.JPG,0,0,18.6813907623291,-10.990079879760742,1.0,1.2997028041479564e-13
G0350769.JPG,0,0,26.11193084716797,-17.35714340209961,1.0,1.3231861544324674e-19
G0350770.JPG,0,1,9.442973136901855,-4.528084754943848,0.9999991655349731,8.559458706258738e-07
G0350771.JPG,1,0,-1.7163560390472412,6.553375244140625,0.0002560884749982506,0.9997438788414001
G0350772.JPG,0,0,25.848033905029297,-16.738632202148438,1.0,3.197760306941185e-19
G0350773.JPG,0,0,26.254392623901367,-16.58798599243164,1.0,2.476237024993204e-19
G0350774.JPG,0,0,24.60002899169922,-15.515032768249512,1.0,3.786601647286552e-18
G0350775.JPG,0,0,25.891611099243164,-16.894594192504883,1.0,2.619311353619204e-19
G0350776.JPG,0,0,26.631301879882812,-17.465675354003906,1.0,7.061973700314779e-20
G0350777.JPG,0,1,7.083716869354248,-1.942867398262024,0.9998798370361328,0.00012015779066132382
G0350778.JPG,1,0,-1.1690616607666016,6.293844223022461,0.0005736565217375755,0.9994263648986816
G0350779.JPG,0,0,10.641403198242188,-4.931462287902832,0.9999998807907104,1.7250053474526794e-07
G0350780.JPG,0,0,23.524377822875977,-14.902591705322266,1.0,2.0482284022929773e-17
G0350781.JPG,0,0,37.64461135864258,-25.741737365722656,1.0,2.9625013109016604e-28
G0350782.JPG,0,0,45.350215911865234,-31.055849075317383,1.0,6.5654840058729145e-34
G0350783.JPG,0,0,30.442495346069336,-20.389423370361328,1.0,8.394195055076058e-23
G0350784.JPG,0,0,22.31545066833496,-14.50650691986084,1.0,1.0195944035614377e-16
G0350785.JPG,1,1,-2.4043262004852295,8.063904762268066,2.8424487027223222e-05,0.9999716281890869
G0350786.JPG,1,0,0.203945130109787,4.910070896148682,0.008958747610449791,0.9910412430763245
G0350787.JPG,0,0,31.673643112182617,-20.61691665649414,1.0,1.952087428156052e-23
G0350788.JPG,0,0,31.992870330810547,-20.770309448242188,1.0,1.2168644102107282e-23
G0350789.JPG,0,0,37.526092529296875,-24.424184799194336,1.0,1.2454766505443678e-27
G0350790.JPG,0,0,19.390560150146484,-11.8377046585083,1.0,2.7399164480215038e-14
G0350791.JPG,0,0,19.121671676635742,-11.846619606018066,1.0,3.553379107883864e-14
G0350792.JPG,0,0,3.819897174835205,0.6804958581924438,0.9584890604019165,0.0415109284222126
G0350793.JPG,1,1,-4.3935370445251465,9.81152629852295,6.773595373488206e-07,0.9999992847442627
G0350794.JPG,0,0,11.86089038848877,-6.314760208129883,1.0,1.2776586011398194e-08
G0350795.JPG,0,0,20.969144821166992,-13.176495552062988,1.0,1.4816184905133158e-15
G0350796.JPG,0,0,39.646209716796875,-27.418167114257812,1.0,7.487057925020071e-30
G0350797.JPG,0,0,37.781429290771484,-25.984621047973633,1.0,2.026541006164511e-28
G0350798.JPG,0,0,23.354589462280273,-15.197036743164062,1.0,1.808175790882536e-17
G0350799.JPG,0,0,15.490800857543945,-9.068808555603027,1.0,2.1572356748156274e-11
G0350800.JPG,1,1,-2.7564468383789062,7.759369373321533,2.7103635147796012e-05,0.999972939491272
G0350801.JPG,0,0,9.830153465270996,-4.217226505279541,0.9999991655349731,7.930485708129709e-07
G0350802.JPG,0,0,34.837554931640625,-23.079086303710938,1.0,7.032703598211471e-26
G0350803.JPG,0,0,40.87563705444336,-27.46297264099121,1.0,2.093725462317397e-30
G0350804.JPG,0,0,22.037092208862305,-13.845254898071289,1.0,2.609123528361302e-16
G0350805.JPG,0,0,33.500160217285156,-22.628196716308594,1.0,4.204983612235342e-25
G0350806.JPG,0,0,10.578099250793457,-4.743595600128174,0.9999997615814209,2.217543482174733e-07
G0350807.JPG,1,0,-7.210021495819092,13.615255355834961,9.030191039371971e-10,1.0
G0350808.JPG,0,1,5.3372697830200195,-0.626921534538269,0.9974374771118164,0.0025625377893447876
G0350809.JPG,0,0,34.03860092163086,-21.98353385925293,1.0,4.676240242329191e-25
G0350810.JPG,0,0,29.735857009887695,-19.29616928100586,1.0,5.077626278756257e-22
G0350811.JPG,0,0,22.483963012695312,-14.37073802947998,1.0,9.86748120228141e-17
G0350812.JPG,0,0,33.310752868652344,-22.359209060668945,1.0,6.650336061436959e-25
G0350813.JPG,0,0,17.0583438873291,-10.579017639160156,1.0,9.93679639439693e-13
G0350814.JPG,0,0,8.765725135803223,-3.9759857654571533,0.9999970197677612,2.92647018795833e-06
G0350815.JPG,1,1,0.426958829164505,4.388772964477539,0.018673239275813103,0.9813267588615417
G0350816.JPG,0,0,19.95767593383789,-12.1756010055542,1.0,1.1083954663381607e-14
G0350817.JPG,0,0,30.082481384277344,-19.748266220092773,1.0,2.2844437414210373e-22
G0350818.JPG,0,0,31.13595962524414,-20.68438148498535,1.0,3.1239996252019377e-23
G0350819.JPG,0,0,32.23772430419922,-21.53493881225586,1.0,4.434341370554278e-24
G0350820.JPG,0,0,26.649930953979492,-17.576004028320312,1.0,6.20754136398725e-20
G0350821.JPG,1,1,0.8279013633728027,3.7393014430999756,0.051592886447906494,0.9484071135520935
G0350822.JPG,1,0,-3.8107106685638428,9.693682670593262,1.3649471384269418e-06,0.9999986886978149
G0350823.JPG,0,0,10.52804946899414,-4.933716773986816,0.9999997615814209,1.9277030105513404e-07
G0350824.JPG,0,0,35.39522171020508,-23.31937599182129,1.0,3.166455626082867e-26
G0350825.JPG,0,0,32.96074676513672,-21.791208267211914,1.0,1.6654395932285266e-24
G0350826.JPG,0,0,19.122976303100586,-11.585417747497559,1.0,4.608019830510193e-14
G0350827.JPG,0,0,19.36101531982422,-11.760771751403809,1.0,3.0477488886576296e-14
G0350828.JPG,0,0,11.197334289550781,-5.809558391571045,1.0,4.111498341785591e-08
G0350829.JPG,1,1,-5.228969573974609,10.401928901672363,1.627747394650214e-07,0.9999998807907104
G0350830.JPG,0,0,19.446069717407227,-11.862632751464844,1.0,2.5281526207904768e-14
G0350831.JPG,0,0,35.74626541137695,-24.325422286987305,1.0,8.150764325124175e-27
G0350832.JPG,0,0,28.791893005371094,-18.93852424621582,1.0,1.866139050913629e-21
G0350833.JPG,0,0,26.303112030029297,-17.443004608154297,1.0,1.003004637217136e-19
G0350834.JPG,0,0,40.35865783691406,-28.091629028320312,1.0,1.8724842599559133e-30
G0350835.JPG,0,0,10.187641143798828,-4.962542533874512,0.9999997615814209,2.6324414648115635e-07
G0350836.JPG,1,1,-4.839828014373779,10.56923770904541,2.0320196369993937e-07,0.9999997615814209
G0350837.JPG,0,0,5.844302177429199,-1.7196401357650757,0.9994814991950989,0.0005185567424632609
G0350838.JPG,0,0,18.308958053588867,-11.352094650268555,1.0,1.3133137426960678e-13
G0350839.JPG,0,0,24.5274600982666,-15.259882926940918,1.0,5.255050307408558e-18
G0350840.JPG,0,0,29.647567749023438,-18.726184844970703,1.0,9.80722580635524e-22
G0350841.JPG,0,0,35.58212661743164,-23.832077026367188,1.0,1.5730381028916694e-26
G0350842.JPG,0,0,23.05721092224121,-14.695331573486328,1.0,4.020499125040925e-17
G0350843.JPG,0,0,5.202295780181885,0.5434938073158264,0.9906111359596252,0.009388823993504047
G0350844.JPG,1,1,-1.4976937770843506,6.482957363128662,0.0003418997803237289,0.9996581077575684
G0350845.JPG,1,0,-3.8788087368011475,9.372759819030762,1.7575836182004423e-06,0.9999982118606567
G0350846.JPG,0,0,21.519819259643555,-13.000361442565918,1.0,1.0187706772551226e-15
G0350847.JPG,0,0,22.191486358642578,-13.724595069885254,1.0,2.5225771428822057e-16
G0350848.JPG,0,0,23.139970779418945,-14.407015800476074,1.0,4.938002897401068e-17
G0350849.JPG,0,0,29.52659034729004,-19.184097290039062,1.0,7.0019334337095355e-22
G0350850.JPG,0,0,17.824087142944336,-10.968077659606934,1.0,3.131281583849954e-13
G0350851.JPG,0,1,6.102879047393799,-0.8327592611312866,0.9990284442901611,0.0009715572232380509
G0350852.JPG,0,0,4.093137264251709,0.07170847058296204,0.982388436794281,0.017611609771847725
G0350853.JPG,0,0,17.298812866210938,-10.212224960327148,1.0,1.1274781022002633e-12
G0350854.JPG,0,0,30.20359992980957,-19.937896728515625,1.0,1.6742701810876612e-22
G0350855.JPG,0,0,29.266891479492188,-18.956445693969727,1.0,1.1399127423123047e-21
G0350856.JPG,0,0,33.34818649291992,-22.70643424987793,1.0,4.526768850160177e-25
G0350857.JPG,0,0,16.568002700805664,-9.72464370727539,1.0,3.812841535555389e-12
G0350858.JPG,0,0,9.682544708251953,-4.105592727661133,0.999998927116394,1.0277500450683874e-06
G0350859.JPG,1,1,-6.142852306365967,11.848824501037598,1.5357278115857298e-08,1.0
G0350860.JPG,0,0,15.611250877380371,-8.896846771240234,1.0,2.2712659877854868e-11
G0350861.JPG,0,0,19.988771438598633,-12.191305160522461,1.0,1.057719009763241e-14
G0350862.JPG,0,0,28.656587600708008,-18.939531326293945,1.0,2.1343626639019267e-21
G0350863.JPG,0,0,15.950455665588379,-8.871833801269531,1.0,1.6588879575563098e-11
G0350864.JPG,0,0,14.580103874206543,-8.044238090515137,1.0,1.4940775006078155e-10
G0350865.JPG,0,0,9.75141429901123,-4.741123676300049,0.9999995231628418,5.081247422822344e-07
G0350866.JPG,1,1,-3.1750710010528564,8.272405624389648,1.067626908479724e-05,0.9999892711639404
G0350867.JPG,0,0,15.491544723510742,-8.572525978088379,1.0,3.5408412313309157e-11
G0350868.JPG,0,0,24.663333892822266,-15.151534080505371,1.0,5.112368269188061e-18
G0350869.JPG,0,0,30.188827514648438,-19.603885650634766,1.0,2.3730092183590727e-22
G0350870.JPG,0,0,26.170286178588867,-16.570709228515625,1.0,2.7404426485457037e-19
G0350871.JPG,0,0,21.391799926757812,-13.470939636230469,1.0,7.232768808583556e-16
G0350872.JPG,0,0,8.38496208190918,-2.994530439376831,0.9999885559082031,1.1427312529121991e-05
G0350873.JPG,0,1,2.4122090339660645,2.332454204559326,0.5199281573295593,0.4800718426704407
G0350874.JPG,0,0,8.115026473999023,-3.3594329357147217,0.9999896287918091,1.0392043805040885e-05
G0350875.JPG,0,0,26.261150360107422,-16.987146377563477,1.0,1.6500706134193487e-19
G0350876.JPG,0,0,21.0499267578125,-13.071093559265137,1.0,1.5185487034971297e-15
G0350877.JPG,0,0,27.715736389160156,-18.29888153076172,1.0,1.037780150274175e-20
G0350878.JPG,0,0,19.02107810974121,-11.450263977050781,1.0,5.840691293243147e-14
G0350879.JPG,0,0,12.311687469482422,-6.76054573059082,1.0,5.2123594329600564e-09
G0350880.JPG,1,1,-5.869460105895996,11.362483024597168,3.28293410234437e-08,1.0
G0350881.JPG,0,0,10.394600868225098,-4.876399040222168,0.9999997615814209,2.3328611575834657e-07
G0350882.JPG,0,0,18.868816375732422,-11.030421257019043,1.0,1.0349650281758771e-13
G0350883.JPG,0,0,27.883947372436523,-17.98255157470703,1.0,1.203460307221355e-20
G0350884.JPG,0,0,30.899003982543945,-20.24524688720703,1.0,6.142354997976677e-23
G0350885.JPG,0,0,27.103498458862305,-18.108734130859375,1.0,2.315133454811301e-20
G0350886.JPG,0,0,11.690207481384277,-6.098857402801514,1.0,1.8806478152555428e-08
G0350887.JPG,1,1,-5.318484783172607,11.26155948638916,6.300549415527712e-08,0.9999998807907104
G0350888.JPG,0,0,10.098420143127441,-4.936115264892578,0.9999997615814209,2.9551816282946675e-07
G0350889.JPG,0,0,27.126934051513672,-17.427949905395508,1.0,4.4674418990377935e-20
G0350890.JPG,0,0,20.642919540405273,-13.150406837463379,1.0,2.107387691340835e-15
G0350891.JPG,0,0,29.03199005126953,-19.158971786499023,1.0,1.17741718398688e-21
G0350892.JPG,0,0,20.654136657714844,-13.109701156616211,1.0,2.1704547999780747e-15
G0350893.JPG,0,0,11.029943466186523,-5.782779216766357,1.0,4.99260401909396e-08
G0350894.JPG,1,0,1.7392823696136475,3.093179702758789,0.20523393154144287,0.7947660684585571
G0350895.JPG,1,1,-0.6815181970596313,5.230024814605713,0.0027006918098777533,0.9972993731498718
G0350896.JPG,0,0,22.707883834838867,-14.210304260253906,1.0,9.260486142622648e-17
G0350897.JPG,0,0,22.135231018066406,-13.792587280273438,1.0,2.4931406303827506e-16
G0350898.JPG,0,0,28.93170166015625,-18.882036209106445,1.0,1.7169525037957154e-21
G0350899.JPG,0,0,38.166099548339844,-25.980649948120117,1.0,1.384904445164779e-28
G0350900.JPG,0,0,29.747419357299805,-19.632883071899414,1.0,3.584323187463448e-22
G0350901.JPG,0,0,17.529293060302734,-10.679120063781738,1.0,5.613610162651106e-13
G0350902.JPG,0,0,4.138625621795654,1.4676028490066528,0.9352949261665344,0.06470503658056259
G0350903.JPG,1,1,-3.1864187717437744,8.563445091247559,7.890338565630373e-06,0.9999921321868896
G0350904.JPG,0,0,12.9087495803833,-7.174315929412842,1.0,1.8968617787606945e-09
G0350905.JPG,0,0,29.439695358276367,-18.939722061157227,1.0,9.751826313792102e-22
G0350906.JPG,0,0,11.360335350036621,-5.386564254760742,1.0,5.332297092763838e-08
G0350907.JPG,0,0,18.377023696899414,-11.401052474975586,1.0,1.1682770365267076e-13
G0350908.JPG,0,0,7.580644607543945,-2.9026567935943604,0.9999719858169556,2.7999352823826484e-05
G0350909.JPG,0,0,3.390089511871338,0.9000470638275146,0.9234407544136047,0.07655919343233109
G0350910.JPG,1,1,-1.8322290182113647,6.904757499694824,0.00016051121929194778,0.9998394250869751
G0350911.JPG,0,0,23.46837043762207,-14.623002052307129,1.0,2.865013505215806e-17
G0350912.JPG,0,0,32.17809295654297,-20.898357391357422,1.0,8.89591185297407e-24
G0350913.JPG,0,0,22.701610565185547,-14.58102035522461,1.0,6.432194162648276e-17
G0350914.JPG,0,0,29.999963760375977,-20.213529586791992,1.0,1.5579622962703029e-22
G0350915.JPG,0,0,36.10841751098633,-24.99818992614746,1.0,2.8955988861242713e-27
G0350916.JPG,0,0,16.960113525390625,-10.159660339355469,1.0,1.6673695844154901e-12
G0350917.JPG,0,0,11.654505729675293,-6.403829574584961,1.0,1.4366966283319016e-08
G0350918.JPG,1,1,-0.9784854054450989,5.98303747177124,0.0009467550553381443,0.9990532994270325
G0350919.JPG,0,0,12.024397850036621,-6.292072772979736,1.0,1.1098331142989082e-08
G0350920.JPG,0,0,13.967671394348145,-7.967464447021484,1.0,2.9764046782787545e-10
G0350921.JPG,0,0,17.1351318359375,-10.225601196289062,1.0,1.3103419174362307e-12
G0350922.JPG,0,0,17.86951446533203,-10.961034774780273,1.0,3.0133634845198876e-13
G0350923.JPG,0,0,9.292506217956543,-4.316882610321045,0.9999988079071045,1.2289019650779665e-06
G0350924.JPG,0,0,4.605960369110107,-0.34015092253685,0.9929392337799072,0.00706079974770546
G0350925.JPG,1,1,-6.0524163246154785,11.701241493225098,1.9484271973624345e-08,1.0
G0350926.JPG,0,0,19.426868438720703,-11.759210586547852,1.0,2.8579718344516614e-14
G0350927.JPG,0,0,26.114595413208008,-17.021265029907227,1.0,1.846434114304517e-19
G0350928.JPG,0,0,15.642962455749512,-9.25231647491455,1.0,1.542118516217883e-11
G0350929.JPG,0,0,25.431795120239258,-16.535802841186523,1.0,5.938869352867877e-19
G0350930.JPG,0,0,16.28452491760254,-9.183472633361816,1.0,8.697387428313608e-12
G0350931.JPG,0,0,14.035353660583496,-7.572964668273926,1.0,4.126924912917218e-10
G0350932.JPG,1,1,-1.721604347229004,6.873417377471924,0.000184990291018039,0.999815046787262
G0350933.JPG,0,0,15.37714672088623,-8.972481727600098,1.0,2.6612809178594432e-11
G0350934.JPG,0,0,35.77284622192383,-23.39458656311035,1.0,2.013305225955405e-26
G0350935.JPG,0,0,18.123361587524414,-10.943652153015137,1.0,2.378793505491278e-13
G0350936.JPG,0,0,29.425268173217773,-19.280628204345703,1.0,7.03556238477249e-22
G0350937.JPG,0,0,22.501155853271484,-14.844040870666504,1.0,6.042095124023778e-17
G0350938.JPG,0,0,15.326956748962402,-9.179118156433105,1.0,2.2758671683331677e-11
G0350939.JPG,1,1,-2.778775453567505,7.310902118682861,4.1504059481667355e-05,0.9999585151672363
G0350940.JPG,1,0,-6.977469444274902,12.700300216674805,2.844812385660589e-09,1.0
G0350941.JPG,0,0,15.132716178894043,-8.168904304504395,1.0,7.589878725511312e-11
G0350942.JPG,0,0,25.732868194580078,-16.18631362915039,1.0,6.233481618749943e-19
G0350943.JPG,0,0,23.123287200927734,-14.517958641052246,1.0,4.493805254098867e-17
G0350944.JPG,0,0,25.07538414001465,-15.931880950927734,1.0,1.551571936479883e-18
G0350945.JPG,0,0,20.258163452148438,-12.786111831665039,1.0,4.4571212497700186e-15
G0350946.JPG,0,0,6.723810195922852,-2.081947088241577,0.9998501539230347,0.00014984526205807924
G0350947.JPG,1,1,-6.2421088218688965,12.184844970703125,9.937460632158945e-09,1.0
G0350948.JPG,0,0,22.882200241088867,-14.308309555053711,1.0,7.052884686272956e-17
G0350949.JPG,0,0,28.706392288208008,-18.599653244018555,1.0,2.8526300854107164e-21
G0350950.JPG,0,0,22.202606201171875,-14.361353874206543,1.0,1.319694801876737e-16
G0350951.JPG,0,0,28.304988861083984,-18.742393493652344,1.0,3.694719336035305e-21
G0350952.JPG,0,0,9.266386985778809,-4.217958450317383,0.9999985694885254,1.3925877055953606e-06
G0350953.JPG,0,0,4.546309947967529,0.2961200475692749,0.9859390258789062,0.014060997404158115
G0350954.JPG,1,1,-6.000187397003174,11.461047172546387,2.6102492611812522e-08,1.0
G0350955.JPG,0,0,24.04647445678711,-15.290663719177246,1.0,8.243232825630858e-18
G0350956.JPG,0,0,31.02424430847168,-20.246238708496094,1.0,5.413913896119629e-23
G0350957.JPG,0,0,20.6870174407959,-13.232826232910156,1.0,1.8569416481778933e-15
G0350958.JPG,0,0,29.108028411865234,-19.588035583496094,1.0,7.10506595301451e-22
G0350959.JPG,0,0,12.442172050476074,-6.679947376251221,1.0,4.958711663505255e-09
G0350960.JPG,0,0,9.74992847442627,-4.47942590713501,0.9999992847442627,6.611033995795879e-07
G0350961.JPG,1,1,-2.288309335708618,7.825572967529297,4.051158612128347e-05,0.9999594688415527
G0350962.JPG,0,0,11.256789207458496,-5.793776988983154,1.0,3.935803505328295e-08
G0350963.JPG,0,0,13.157931327819824,-7.118189811706543,1.0,1.5638405015394596e-09
G0350964.JPG,0,0,25.135282516479492,-16.166545867919922,1.0,1.1556988049484894e-18
G0350965.JPG,0,0,19.37047004699707,-12.337641716003418,1.0,1.6956744100754366e-14
G0350966.JPG,0,0,28.239185333251953,-18.724742889404297,1.0,4.0162906459266965e-21
G0350967.JPG,0,0,15.451350212097168,-9.265918731689453,1.0,1.8425788672615795e-11
G0350968.JPG,1,1,-0.8178116083145142,6.448432922363281,0.0006982434424571693,0.9993017911911011
G0350969.JPG,0,0,7.130156993865967,-1.858091115951538,0.9998751878738403,0.00012485310435295105
G0350970.JPG,0,0,11.083450317382812,-5.300375461578369,0.9999998807907104,7.666462664701612e-08
G0350971.JPG,0,0,35.71472930908203,-24.103464126586914,1.0,1.0502423394834143e-26
G0350972.JPG,0,0,25.320035934448242,-16.342679977416992,1.0,8.05586907565966e-19
G0350973.JPG,0,0,24.6257381439209,-16.079179763793945,1.0,2.0993207017524177e-18
G0350974.JPG,0,0,16.18296241760254,-9.479400634765625,1.0,7.161060806837316e-12
G0350975.JPG,0,0,4.7997918128967285,-0.34629395604133606,0.9942114949226379,0.005788448266685009
G0350976.JPG,1,1,-5.039610385894775,10.241288185119629,2.3098817791833426e-07,0.9999997615814209
G0350977.JPG,0,0,11.770418167114258,-5.75346565246582,1.0,2.4517373020671585e-08
G0350978.JPG,0,0,19.130569458007812,-11.789554595947266,1.0,3.72872848049266e-14
G0350979.JPG,0,0,22.27776527404785,-14.28892993927002,1.0,1.316090147290578e-16
G0350980.JPG,0,0,18.98140525817871,-12.05091381072998,1.0,3.33300112498585e-14
G0350981.JPG,0,0,16.03388786315918,-9.585716247558594,1.0,7.473900838494973e-12
G0350982.JPG,0,0,12.103849411010742,-6.6237897872924805,1.0,7.356818709780555e-09
G0350983.JPG,1,1,-3.186309576034546,8.417247772216797,9.133452294918243e-06,0.9999908208847046
G0350984.JPG,0,0,7.1150078773498535,-1.74160635471344,0.9998575448989868,0.00014241623284760863
G0350985.JPG,0,0,21.715158462524414,-13.825159072875977,1.0,3.6731295237085076e-16
G0350986.JPG,0,0,20.21247100830078,-12.841789245605469,1.0,4.412829896958091e-15
G0350987.JPG,0,0,23.256196975708008,-15.095207214355469,1.0,2.209009648624502e-17
G0350988.JPG,0,0,16.065919876098633,-9.681419372558594,1.0,6.577678506036744e-12
G0350989.JPG,0,0,16.195966720581055,-9.012243270874023,1.0,1.1277517114605118e-11
G0350990.JPG,0,1,7.951623439788818,-2.196830987930298,0.9999608993530273,3.913498221663758e-05
G0350991.JPG,0,0,6.409067630767822,-1.5374670028686523,0.9996461868286133,0.000353761191945523
G0350992.JPG,0,0,13.160120010375977,-7.360129356384277,1.0,1.2250938041802328e-09
G0350993.JPG,0,0,24.8558406829834,-16.10858154296875,1.0,1.6194839817583695e-18
G0350994.JPG,0,0,30.9508056640625,-20.697750091552734,1.0,3.709515854884129e-23
G0350995.JPG,0,0,23.58694839477539,-15.485358238220215,1.0,1.0742674024564976e-17
G0350996.JPG,0,0,9.404017448425293,-4.377882957458496,0.999998927116394,1.0341802862967597e-06
G0350997.JPG,0,0,3.722707748413086,1.6990962028503418,0.8832539319992065,0.11674607545137405
G0350998.JPG,1,1,-4.064393520355225,9.24169921875,1.6643185745124356e-06,0.9999983310699463
G0350999.JPG,0,0,11.335370063781738,-5.037894248962402,0.9999998807907104,7.747856756168403e-08
G0351000.JPG,0,0,23.63575553894043,-15.225693702697754,1.0,1.326436969069922e-17
G0351001.JPG,0,0,36.278743743896484,-24.706161499023438,1.0,3.27033420134449e-27
G0351002.JPG,0,0,34.71088790893555,-23.142709732055664,1.0,7.490329821198749e-26
G0351003.JPG,0,0,31.943235397338867,-21.305749893188477,1.0,7.486166928246188e-24
G0351004.JPG,0,0,15.58229923248291,-9.147839546203613,1.0,1.819018893844948e-11
G0351005.JPG,1,1,1.739661693572998,3.162332057952881,0.19424329698085785,0.805756688117981
G0351006.JPG,0,0,3.998715400695801,0.901113748550415,0.9567936658859253,0.043206289410591125
G0351007.JPG,0,0,21.43937873840332,-13.587449073791504,1.0,6.138207423153131e-16
G0351008.JPG,0,0,25.238510131835938,-16.419631958007812,1.0,8.092799071094973e-19
G0351009.JPG,0,0,16.905012130737305,-10.197016716003418,1.0,1.6972226575540095e-12
G0351010.JPG,0,0,21.021940231323242,-13.229042053222656,1.0,1.3334802630933008e-15
G0351011.JPG,0,0,15.380858421325684,-9.067158699035645,1.0,2.4119099079067396e-11
G0351012.JPG,0,1,4.156711578369141,1.0665816068649292,0.9564838409423828,0.04351623356342316
G0351013.JPG,0,0,5.176565170288086,-0.9747352600097656,0.9978737831115723,0.002126178704202175
G0351014.JPG,0,0,8.244378089904785,-3.3768999576568604,0.9999910593032837,8.97303380043013e-06
G0351015.JPG,0,0,18.86880874633789,-11.281205177307129,1.0,8.05407579821879e-14
G0351016.JPG,0,0,22.33978843688965,-14.239710807800293,1.0,1.2993488057858927e-16
G0351017.JPG,0,0,30.59326171875,-20.521900177001953,1.0,6.323641544883708e-23
G0351018.JPG,0,0,20.507482528686523,-12.900437355041504,1.0,3.0983061253452232e-15
G0351019.JPG,0,0,4.25206184387207,0.8382793664932251,0.9681325554847717,0.03186749294400215
G0351020.JPG,1,1,-3.6635918617248535,8.60410213470459,4.701170382759301e-06,0.9999953508377075
G0351021.JPG,0,0,13.5685396194458,-7.718615531921387,1.0,5.689917426110469e-10
G0351022.JPG,0,0,27.78402328491211,-18.078157424926758,1.0,1.208668394685528e-20
G0351023.JPG,0,0,17.44566535949707,-10.903529167175293,1.0,4.876425869007606e-13
G0351024.JPG,0,0,26.949899673461914,-17.910432815551758,1.0,3.291585594365485e-20
G0351025.JPG,0,0,13.670531272888184,-7.99431037902832,1.0,3.9001313290043527e-10
G0351026.JPG,0,0,6.2639851570129395,-1.9613978862762451,0.9997323155403137,0.00026769813848659396
G0351027.JPG,1,1,-3.6459972858428955,8.5736665725708,4.932480806019157e-06,0.9999951124191284
G0351028.JPG,0,0,12.332945823669434,-6.860287189483643,1.0,4.618326610028589e-09
G0351029.JPG,0,0,13.176628112792969,-7.6347784996032715,1.0,9.15631515052695e-10
G0351030.JPG,0,0,12.989733695983887,-7.344451427459717,1.0,1.475624400448794e-09
G0351031.JPG,0,0,20.041128158569336,-12.32300853729248,1.0,8.799023148823876e-15
G0351032.JPG,0,0,23.556137084960938,-15.164483070373535,1.0,1.5270341405963804e-17
G0351033.JPG,0,0,11.034171104431152,-5.33509635925293,0.9999998807907104,7.77889397340914e-08
G0351034.JPG,1,1,-3.6130874156951904,8.87420654296875,3.7742909171356587e-06,0.9999961853027344
G0351035.JPG,0,0,6.539483070373535,-1.6466352939605713,0.9997215867042542,0.0002784153330139816
G0351036.JPG,0,0,24.82661247253418,-15.786931991577148,1.0,2.3001795932246878e-18
G0351037.JPG,0,0,10.739954948425293,-5.5253777503967285,0.9999998807907104,8.630888714833418e-08
G0351038.JPG,0,0,19.66347885131836,-12.417713165283203,1.0,1.1676571100532711e-14
G0351039.JPG,0,0,17.30145835876465,-10.741950988769531,1.0,6.620672434766439e-13
G0351040.JPG,0,0,4.031143665313721,0.8795868158340454,0.9589700698852539,0.041029974818229675
G0351041.JPG,1,1,-4.819972991943359,10.150801658630371,3.149742155983404e-07,0.9999996423721313
G0351042.JPG,0,0,13.976486206054688,-7.95231294631958,1.0,2.9953237112856357e-10
G0351043.JPG,0,0,17.280385971069336,-10.275216102600098,1.0,1.0783349040088819e-12
G0351044.JPG,0,0,17.719310760498047,-10.71373462677002,1.0,4.484207601594681e-13
G0351045.JPG,0,0,24.482755661010742,-16.00758934020996,1.0,2.6017562028765677e-18
G0351046.JPG,0,0,12.702593803405762,-7.271263599395752,1.0,2.1157471330468525e-09
G0351047.JPG,0,0,11.046369552612305,-5.769680023193359,1.0,4.976024214897734e-08
G0351048.JPG,1,0,-5.624770164489746,11.625590324401855,3.2230246915787575e-08,1.0
G0351049.JPG,1,1,1.9352412223815918,2.2676033973693848,0.4176659882068634,0.582334041595459
G0351050.JPG,0,0,16.9519100189209,-10.126197814941406,1.0,1.7383097999229546e-12
G0351051.JPG,0,0,28.811429977416992,-18.870973587036133,1.0,1.9579213637836363e-21
G0351052.JPG,0,0,18.2995662689209,-11.33102798461914,1.0,1.353930666582806e-13
G0351053.JPG,0,0,20.894956588745117,-13.5902681350708,1.0,1.0550104525078059e-15
G0351054.JPG,0,0,25.65582847595215,-17.271940231323242,1.0,2.273562523775168e-19
G0351055.JPG,0,0,17.38498306274414,-10.537087440490723,1.0,7.474794437925536e-13
G0351056.JPG,1,1,-2.6623408794403076,7.9871110916137695,2.3713268092251383e-05,0.9999762773513794
G0351057.JPG,1,0,-1.3112058639526367,6.578386306762695,0.00037448201328516006,0.9996254444122314
G0351058.JPG,0,0,23.99903106689453,-14.848555564880371,1.0,1.3449528280554928e-17
G0351059.JPG,0,0,34.10951232910156,-22.109699249267578,1.0,3.839782674834571e-25
G0351060.JPG,0,0,36.19000244140625,-24.019798278808594,1.0,7.09930441272992e-27
G0351061.JPG,0,0,24.849937438964844,-16.031818389892578,1.0,1.7590533393338293e-18
G0351062.JPG,0,0,19.009523391723633,-12.105097770690918,1.0,3.069673150651181e-14
G0351063.JPG,1,0,-1.1985942125320435,6.215866565704346,0.0006021144799888134,0.999397873878479
G0351064.JPG,1,1,-5.224034309387207,11.273402214050293,6.843122690725068e-08,0.9999998807907104
G0351065.JPG,0,0,18.086891174316406,-10.922621726989746,1.0,2.519580139144495e-13
G0351066.JPG,0,0,31.557126998901367,-20.427444458007812,1.0,2.650859155823376e-23
G0351067.JPG,0,0,28.0998592376709,-18.295713424682617,1.0,7.090205277685986e-21
G0351068.JPG,0,0,27.517032623291016,-18.03551483154297,1.0,1.6473277665186538e-20
G0351069.JPG,0,0,24.304704666137695,-15.955782890319824,1.0,3.274107009528298e-18
G0351070.JPG,0,0,5.515710353851318,-0.41920724511146545,0.9973614811897278,0.0026384610682725906
G0351071.JPG,1,1,-4.62855339050293,9.940864562988281,4.7052421336957195e-07,0.9999995231628418
G0351072.JPG,0,0,6.63998556137085,-1.3408467769622803,0.9996581077575684,0.000341837847372517
G0351073.JPG,0,0,31.00476837158203,-19.955501556396484,1.0,7.383052710514214e-23
G0351074.JPG,0,0,20.995338439941406,-12.765486717224121,1.0,2.1770055410339027e-15
G0351075.JPG,0,0,31.444061279296875,-20.925857543945312,1.0,1.8031556957322995e-23
G0351076.JPG,0,0,26.21158790588379,-17.334184646606445,1.0,1.2254941853853942e-19
G0351077.JPG,0,0,24.297380447387695,-16.109989166259766,1.0,2.826841766924444e-18
G0351078.JPG,1,1,-1.2173559665679932,6.27030611038208,0.0005596370901912451,0.9994403719902039
G0351079.JPG,0,0,2.6124024391174316,2.50557279586792,0.5266820192337036,0.4733179807662964
G0351080.JPG,0,0,8.863224983215332,-4.046333312988281,0.9999974966049194,2.474280790920602e-06
G0351081.JPG,0,0,16.960540771484375,-9.376955032348633,1.0,3.645615927194701e-12
G0351082.JPG,0,0,14.261225700378418,-8.008397102355957,1.0,2.130226134378077e-10
G0351083.JPG,0,0,9.213022232055664,-3.685368061065674,0.9999974966049194,2.502069492038572e-06
