name,1_prob,predicted,target
G0361084.JPG,[2.4851542 1.6230319],0,0
G0361085.JPG,[11.225946  -7.8038297],0,0
G0361086.JPG,[3.47076   1.4725045],0,0
G0361087.JPG,[ 9.571408  -5.0702167],0,0
G0361088.JPG,[10.926671 -5.645797],0,0
G0361089.JPG,[ 5.5158744 -1.708148 ],0,0
G0361090.JPG,[11.571742 -6.549825],0,0
G0361091.JPG,[ 15.325152 -10.212248],0,0
G0361092.JPG,[ 8.04565   -3.1722722],0,0
G0361093.JPG,[4.7861824  0.08280182],0,1
G0361094.JPG,[-0.18563145  4.5839434 ],1,0
G0361095.JPG,[11.197195 -6.298975],0,0
G0361096.JPG,[ 9.198154  -4.8743997],0,0
G0361097.JPG,[ 16.51044  -12.757921],0,0
G0361098.JPG,[ 18.107014 -13.853989],0,0
G0361099.JPG,[ 18.105593 -14.881668],0,0
G0361100.JPG,[ 17.54061 -13.89814],0,0
G0361101.JPG,[-6.232711 11.44982 ],1,1
G0361102.JPG,[-3.3350854  8.221182 ],1,0
G0361103.JPG,[ 18.507298 -14.548655],0,0
G0361104.JPG,[ 20.155024 -16.679312],0,0
G0361105.JPG,[ 14.916366 -10.659245],0,0
G0361106.JPG,[ 22.198324 -19.651781],0,0
G0361107.JPG,[ 18.350561 -15.592115],0,0
G0361108.JPG,[-0.83629245  5.997224  ],1,1
G0361109.JPG,[3.876451   0.88880813],0,0
G0361110.JPG,[14.52491  -9.605389],0,0
G0361111.JPG,[12.309875 -8.902428],0,0
G0361112.JPG,[ 17.806324 -14.856052],0,0
G0361113.JPG,[11.752063  -7.1154857],0,0
G0361114.JPG,[ 17.87557  -13.718712],0,0
G0361115.JPG,[ 9.6133795 -4.8333116],0,1
G0361116.JPG,[3.278089  1.8183975],0,0
G0361117.JPG,[ 18.952002 -14.526936],0,0
G0361118.JPG,[ 17.572317  -14.7745495],0,0
G0361119.JPG,[ 17.716782  -14.4956455],0,0
G0361120.JPG,[ 20.098671 -16.862913],0,0
G0361121.JPG,[ 18.26283  -14.295572],0,0
G0361122.JPG,[13.673626 -9.125578],0,0
G0361123.JPG,[-6.3464875 11.60194  ],1,1
G0361124.JPG,[ 15.049298 -10.736788],0,0
G0361125.JPG,[ 8.72473   -2.9932113],0,0
G0361126.JPG,[ 20.842276 -17.780245],0,0
G0361127.JPG,[ 14.395014 -10.1187  ],0,0
G0361128.JPG,[ 19.121342 -16.536333],0,0
G0361129.JPG,[ 14.40246  -10.554665],0,0
G0361130.JPG,[13.723608 -8.849117],0,1
G0361131.JPG,[2.7806003 1.913769 ],0,0
G0361132.JPG,[ 22.842754 -19.12562 ],0,0
G0361133.JPG,[ 20.104935 -16.733973],0,0
G0361134.JPG,[ 18.657154 -14.669476],0,0
G0361135.JPG,[ 19.557795 -16.961798],0,0
G0361136.JPG,[ 20.02811  -16.973513],0,0
G0361137.JPG,[4.9450893e+00 4.6210289e-03],0,1
G0361138.JPG,[1.3527434 3.2549143],1,0
G0361139.JPG,[ 18.118242 -13.438713],0,0
G0361140.JPG,[ 16.501863 -11.350386],0,0
G0361141.JPG,[ 20.91601  -16.983759],0,0
G0361142.JPG,[ 22.246552 -19.822956],0,0
G0361143.JPG,[ 22.406162 -19.191639],0,0
G0361144.JPG,[12.16826   -7.8690743],0,0
G0361145.JPG,[-1.738056  6.248864],1,1
G0361146.JPG,[ 8.91305   -3.9280024],0,0
G0361147.JPG,[ 17.739511  -13.0330105],0,0
G0361148.JPG,[ 21.358303 -18.007454],0,0
G0361149.JPG,[ 16.085564 -12.114443],0,0
G0361150.JPG,[ 14.760639 -11.091894],0,0
G0361151.JPG,[ 23.744162 -21.408377],0,0
G0361152.JPG,[ 7.789246  -2.6217365],0,1
G0361153.JPG,[10.87542   -5.7714133],0,0
G0361154.JPG,[ 17.97809  -12.901199],0,0
G0361155.JPG,[ 20.458572 -16.814249],0,0
G0361156.JPG,[ 15.91734 -10.70529],0,0
G0361157.JPG,[ 21.258541 -17.732714],0,0
G0361158.JPG,[ 15.647823 -11.457964],0,0
G0361159.JPG,[ 9.09899   -4.6788397],0,0
G0361160.JPG,[-0.25782448  4.875835  ],1,1
G0361161.JPG,[11.547461  -6.9680667],0,0
G0361162.JPG,[12.28615  -6.725226],0,0
G0361163.JPG,[ 17.932701 -14.482828],0,0
G0361164.JPG,[ 17.405508 -13.451712],0,0
G0361165.JPG,[ 13.756858 -10.814737],0,0
G0361166.JPG,[ 13.538558 -10.248413],0,0
G0361167.JPG,[-1.9532812  6.9401913],1,1
G0361168.JPG,[-2.1639855  6.8623977],1,0
G0361169.JPG,[ 20.446548 -16.353662],0,0
G0361170.JPG,[ 23.955168 -19.433672],0,0
G0361171.JPG,[ 19.201954 -15.811399],0,0
G0361172.JPG,[ 21.197254 -18.753496],0,0
G0361173.JPG,[ 23.590242 -21.318   ],0,0
G0361174.JPG,[3.3771868 1.4429858],0,0
G0361175.JPG,[-2.5489454  7.30463  ],1,1
G0361176.JPG,[ 18.392109 -13.484665],0,0
G0361177.JPG,[ 17.261011 -13.142342],0,0
G0361178.JPG,[ 20.144148 -17.03257 ],0,0
G0361179.JPG,[ 18.02142  -14.310587],0,0
G0361180.JPG,[ 19.942848 -16.795315],0,0
G0361181.JPG,[ 6.019278  -1.0840683],0,0
G0361182.JPG,[-4.027274  8.862865],1,1
G0361183.JPG,[13.005769  -7.8069263],0,0
G0361184.JPG,[12.557279 -8.016539],0,0
G0361185.JPG,[ 17.826979 -14.561293],0,0
G0361186.JPG,[ 21.604824 -19.04839 ],0,0
G0361187.JPG,[ 17.16317  -14.447546],0,0
G0361188.JPG,[ 18.16654  -15.292835],0,0
G0361189.JPG,[1.2118788 3.7830029],1,1
G0361190.JPG,[10.46067  -5.140953],0,0
G0361191.JPG,[12.494209  -7.2168956],0,0
G0361192.JPG,[ 17.692612 -12.835613],0,0
G0361193.JPG,[ 15.261842 -11.341757],0,0
G0361194.JPG,[ 15.430359 -11.866621],0,0
G0361195.JPG,[ 22.492401 -19.962885],0,0
G0361196.JPG,[-5.6292176 10.694113 ],1,1
G0361197.JPG,[1.0833623 4.1197376],1,0
G0361198.JPG,[ 19.232906 -14.705473],0,0
G0361199.JPG,[ 19.713688 -15.477808],0,0
G0361200.JPG,[ 15.789136 -11.1737  ],0,0
G0361201.JPG,[ 20.73008 -17.65197],0,0
G0361202.JPG,[ 21.570415 -19.465496],0,0
G0361203.JPG,[ 18.972942 -16.35261 ],0,0
G0361204.JPG,[-1.696527   6.5837317],1,0
G0361205.JPG,[-0.25484776  4.6271214 ],1,1
G0361206.JPG,[ 22.152178 -16.936249],0,0
G0361207.JPG,[13.140613 -8.026457],0,0
G0361208.JPG,[ 19.285683 -17.132881],0,0
G0361209.JPG,[ 19.75466  -17.802858],0,0
G0361210.JPG,[ 13.805297 -10.138964],0,0
G0361211.JPG,[ 8.85639   -3.6612864],0,0
G0361212.JPG,[0.0841065 4.549919 ],1,1
G0361213.JPG,[ 20.983934 -16.64342 ],0,0
G0361214.JPG,[ 16.498146 -12.652292],0,0
G0361215.JPG,[ 19.990295 -16.657381],0,0
G0361216.JPG,[ 18.857275 -15.806984],0,0
G0361217.JPG,[ 19.276224 -16.357801],0,0
G0361218.JPG,[ 8.177244  -3.6901827],0,0
G0361219.JPG,[-4.5764933  9.498228 ],1,1
G0361220.JPG,[ 16.057856 -11.586857],0,0
G0361221.JPG,[ 22.123697 -18.567335],0,0
G0361222.JPG,[ 21.897364 -18.188217],0,0
G0361223.JPG,[ 18.47837  -15.547876],0,0
G0361224.JPG,[ 18.38536  -15.018215],0,0
G0361225.JPG,[14.6925745 -9.891052 ],0,0
G0361226.JPG,[-0.62163013  5.0636616 ],1,1
G0361227.JPG,[ 15.6303005 -10.885378 ],0,0
G0361228.JPG,[11.883646  -8.1340885],0,0
G0361229.JPG,[ 14.164083 -10.035912],0,0
G0361230.JPG,[ 16.02172  -12.532587],0,0
G0361231.JPG,[ 20.422289 -17.87335 ],0,0
G0361232.JPG,[ 15.752036 -12.34165 ],0,0
G0361233.JPG,[4.69618   0.6146787],0,0
G0361234.JPG,[10.158908  -4.9096284],0,1
G0361235.JPG,[ 17.596218 -13.271135],0,0
G0361236.JPG,[ 16.694214 -11.182413],0,0
G0361237.JPG,[13.790815 -9.241306],0,0
G0361238.JPG,[ 17.75079  -14.203009],0,0
G0361239.JPG,[ 13.5555525 -10.089897 ],0,0
G0361240.JPG,[ 25.7319   -24.042097],0,0
G0361241.JPG,[-4.059445  9.243025],1,1
G0361242.JPG,[ 6.2281957 -1.6985013],0,0
G0361243.JPG,[ 20.526358 -16.329863],0,0
G0361244.JPG,[ 15.834403 -12.055845],0,0
G0361245.JPG,[ 20.213072 -17.762243],0,0
G0361246.JPG,[ 25.894041 -24.386536],0,0
G0361247.JPG,[ 18.64759  -15.795502],0,0
G0361248.JPG,[-7.4203234 12.768597 ],1,1
G0361249.JPG,[ 5.4984913  -0.29939175],0,0
G0361250.JPG,[ 20.48612 -16.50656],0,0
G0361251.JPG,[11.965263 -8.150467],0,0
G0361252.JPG,[ 19.21371  -16.364641],0,0
G0361253.JPG,[ 24.979784 -23.832369],0,0
G0361254.JPG,[ 19.657412 -15.831781],0,0
G0361255.JPG,[-8.893603 14.37858 ],1,1
G0361256.JPG,[ 19.657745 -15.949667],0,0
G0361257.JPG,[ 21.41635  -18.635393],0,0
G0361258.JPG,[14.378132 -9.647396],0,0
G0361259.JPG,[ 24.335907 -22.40798 ],0,0
G0361260.JPG,[ 17.421677 -14.205576],0,0
G0361261.JPG,[ 21.930202 -20.354084],0,0
G0361262.JPG,[-4.355415  9.52878 ],1,1
G0361263.JPG,[0.1565625 4.71095  ],1,0
G0361264.JPG,[ 19.72634  -15.881979],0,0
G0361265.JPG,[ 19.626635 -16.11207 ],0,0
G0361266.JPG,[ 20.723892 -17.044844],0,0
G0361267.JPG,[ 19.57391  -16.820913],0,0
G0361268.JPG,[ 20.47356  -17.771393],0,0
G0361269.JPG,[ 6.889883  -1.8446212],0,1
G0361270.JPG,[ 5.0431905  -0.47671294],0,0
G0361271.JPG,[ 21.499079 -18.03207 ],0,0
G0361272.JPG,[11.488205  -7.2564654],0,0
G0361273.JPG,[ 17.881474 -14.592474],0,0
G0361274.JPG,[ 19.468037 -15.762323],0,0
G0361275.JPG,[ 18.208158 -15.255587],0,0
G0361276.JPG,[10.877181 -6.571133],0,0
G0361277.JPG,[-6.4207215 11.639774 ],1,1
G0361278.JPG,[-1.6639218  6.7193904],1,0
G0361279.JPG,[ 20.074245 -16.062763],0,0
G0361280.JPG,[ 18.543064 -14.56053 ],0,0
G0361281.JPG,[ 15.373162  -12.0155735],0,0
G0361282.JPG,[ 20.191936 -17.245382],0,0
G0361283.JPG,[ 23.957829 -22.056765],0,0
G0361284.JPG,[-1.8575978  6.5778365],1,1
G0361285.JPG,[ 9.595496 -4.705549],0,0
G0361286.JPG,[ 15.945499  -10.1718235],0,0
G0361287.JPG,[ 20.467106 -16.542387],0,0
G0361288.JPG,[ 18.404772 -15.181543],0,0
G0361289.JPG,[ 17.586529 -14.12549 ],0,0
G0361290.JPG,[ 16.807344 -14.430813],0,0
G0361291.JPG,[ 8.059968  -3.3774605],0,0
G0361292.JPG,[-3.737627  8.431238],1,1
G0361293.JPG,[ 16.135159 -11.803053],0,0
G0361294.JPG,[ 15.224088 -11.630222],0,0
G0361295.JPG,[ 14.017512 -10.61401 ],0,0
G0361296.JPG,[ 15.502196 -12.604954],0,0
G0361297.JPG,[ 16.047401 -13.14258 ],0,0
G0361298.JPG,[ 9.166775 -5.258904],0,0
G0361299.JPG,[2.2004795 2.7165675],1,0
G0361300.JPG,[ 5.9575257 -1.7378294],0,1
G0361301.JPG,[ 16.848234 -13.040747],0,0
G0361302.JPG,[13.288258 -9.737125],0,0
G0361303.JPG,[ 13.62218  -10.882078],0,0
G0361304.JPG,[ 14.96322  -12.349016],0,0
G0361305.JPG,[ 13.872333 -11.248278],0,0
G0361306.JPG,[2.8095884 1.6986022],0,0
G0361307.JPG,[-1.7084239  6.1331654],1,1
G0361308.JPG,[ 18.019297 -14.648262],0,0
G0361309.JPG,[ 19.559448 -16.99584 ],0,0
G0361310.JPG,[ 17.388151 -13.680092],0,0
G0361311.JPG,[ 18.020435 -14.297701],0,0
G0361312.JPG,[ 16.621933 -12.984619],0,0
G0361313.JPG,[ 21.819616 -20.307417],0,0
G0361314.JPG,[-8.828561 14.356836],1,0
G0361315.JPG,[4.1681914 1.0346012],0,1
G0361316.JPG,[ 21.627789 -17.671812],0,0
G0361317.JPG,[ 19.680796 -16.491308],0,0
G0361318.JPG,[ 20.568789 -17.602924],0,0
G0361319.JPG,[ 18.790394 -15.867571],0,0
G0361320.JPG,[ 18.832151 -15.580198],0,0
G0361321.JPG,[ 5.604496  -0.3574028],0,0
G0361322.JPG,[3.5925076 1.1262128],0,1
G0361323.JPG,[ 21.062897 -18.55924 ],0,0
G0361324.JPG,[ 15.873308 -11.516367],0,0
G0361325.JPG,[ 15.494659 -12.196537],0,0
G0361326.JPG,[ 21.28054  -18.904228],0,0
G0361327.JPG,[12.060266  -7.8971906],0,0
G0361328.JPG,[-6.861823 12.293011],1,0
G0361329.JPG,[ 7.2412558 -1.6103926],0,1
G0361330.JPG,[ 19.784763 -16.154491],0,0
G0361331.JPG,[ 18.451254 -15.099756],0,0
G0361332.JPG,[ 16.144726 -13.236195],0,0
G0361333.JPG,[ 19.424408 -16.554903],0,0
G0361334.JPG,[ 18.418089 -15.922607],0,0
G0361335.JPG,[-4.046968  9.268513],1,0
G0361336.JPG,[ 5.6602    -1.2547846],0,1
G0361337.JPG,[ 20.65551  -16.912916],0,0
G0361338.JPG,[13.631492 -8.78697 ],0,0
G0361339.JPG,[ 19.637573 -16.382723],0,0
G0361340.JPG,[ 20.32772  -16.558289],0,0
G0361341.JPG,[ 24.306278 -22.539803],0,0
G0361342.JPG,[ 15.446095 -11.398533],0,0
G0361343.JPG,[-4.483709  9.221802],1,1
G0361344.JPG,[ 9.573659  -4.6232405],0,0
G0361345.JPG,[ 17.123093 -12.565586],0,0
G0361346.JPG,[ 21.035788 -17.348215],0,0
G0361347.JPG,[12.3159275 -7.984222 ],0,0
G0361348.JPG,[ 16.304497 -13.693512],0,0
G0361349.JPG,[ 16.934076 -13.458771],0,0
G0361350.JPG,[0.4157027 4.455817 ],1,1
G0361351.JPG,[ 4.973102   -0.69760346],0,0
G0361352.JPG,[ 18.475443 -14.202982],0,0
G0361353.JPG,[ 18.260866 -14.256706],0,0
G0361354.JPG,[ 15.248413 -11.617004],0,0
G0361355.JPG,[ 21.913208 -19.761948],0,0
G0361356.JPG,[ 20.288996 -17.445671],0,0
G0361357.JPG,[-2.5189714  7.285372 ],1,1
G0361358.JPG,[13.1376705 -8.170319 ],0,0
G0361359.JPG,[ 23.113995 -20.113216],0,0
G0361360.JPG,[ 17.518291 -14.05509 ],0,0
G0361361.JPG,[ 22.48579  -20.184769],0,0
G0361362.JPG,[ 20.250465 -17.086319],0,0
G0361363.JPG,[ 17.876062 -14.529606],0,0
G0361364.JPG,[0.61529297 4.272833  ],1,1
G0361365.JPG,[4.583969   0.21418488],0,0
G0361366.JPG,[ 15.899986 -12.156059],0,0
G0361367.JPG,[ 18.52743  -14.140537],0,0
G0361368.JPG,[ 22.217495 -18.208197],0,0
G0361369.JPG,[ 15.852461 -12.511002],0,0
G0361370.JPG,[ 22.157951 -19.819803],0,0
G0361371.JPG,[1.0842801 3.7292066],1,1
G0361372.JPG,[10.35466  -5.319914],0,0
G0361373.JPG,[ 18.953007 -14.920536],0,0
G0361374.JPG,[ 22.307972 -19.36784 ],0,0
G0361375.JPG,[ 21.2953   -17.924261],0,0
G0361376.JPG,[ 15.586404  -12.0758705],0,0
G0361377.JPG,[ 20.761734 -17.898947],0,0
G0361378.JPG,[ 7.0740423 -2.198344 ],0,1
G0361379.JPG,[1.6900504 3.225709 ],1,0
G0361380.JPG,[ 19.689198 -16.60434 ],0,0
G0361381.JPG,[ 16.854773 -11.924683],0,0
G0361382.JPG,[ 18.152739 -13.979944],0,0
G0361383.JPG,[ 20.77472  -17.702158],0,0
G0361384.JPG,[ 23.41595  -21.429981],0,0
G0361385.JPG,[ 5.392074  -0.5821096],0,0
G0361386.JPG,[-5.989807 11.272039],1,1
G0361387.JPG,[14.867253 -9.056789],0,0
G0361388.JPG,[ 17.057457 -12.693634],0,0
G0361389.JPG,[ 21.091799 -18.306675],0,0
G0361390.JPG,[ 18.962326 -15.904547],0,0
G0361391.JPG,[ 14.75317  -11.838621],0,0
G0361392.JPG,[ 18.060755 -14.576023],0,0
G0361393.JPG,[-1.3601077  6.3829184],1,0
G0361394.JPG,[-2.76059   8.262711],1,1
G0361395.JPG,[0.5535128 4.437611 ],1,0
G0361396.JPG,[ 24.018501 -21.468134],0,0
G0361397.JPG,[ 19.213655 -16.332872],0,0
G0361398.JPG,[ 17.917473 -14.97999 ],0,0
G0361399.JPG,[ 22.730572 -21.11098 ],0,0
G0361400.JPG,[ 19.885414 -17.515654],0,0
G0361401.JPG,[-4.2726483  9.3841915],1,1
G0361402.JPG,[ 16.076101 -11.884514],0,0
G0361403.JPG,[ 20.830072 -17.468136],0,0
G0361404.JPG,[10.518942 -5.205427],0,0
G0361405.JPG,[ 15.186161 -11.458536],0,0
G0361406.JPG,[ 17.820288 -13.859936],0,0
G0361407.JPG,[ 24.488596 -22.986052],0,0
G0361408.JPG,[-1.0082614  5.9524975],1,0
G0361409.JPG,[4.5287824  0.30351925],0,1
G0361410.JPG,[ 26.331259 -24.275475],0,0
G0361411.JPG,[ 17.473099 -13.488525],0,0
G0361412.JPG,[ 18.355478 -15.704914],0,0
G0361413.JPG,[ 21.937796 -19.701395],0,0
G0361414.JPG,[ 19.294191 -15.949913],0,0
G0361415.JPG,[4.0855684 1.0340785],0,0
G0361416.JPG,[-0.2828501  4.8062816],1,1
G0361417.JPG,[ 21.820429 -18.55281 ],0,0
G0361418.JPG,[ 19.349886 -15.717419],0,0
G0361419.JPG,[ 18.602047 -15.595514],0,0
G0361420.JPG,[ 21.137138 -18.649137],0,0
G0361421.JPG,[ 17.683933 -13.645363],0,0
G0361422.JPG,[ 8.945774  -4.2220106],0,0
G0361423.JPG,[ 9.111519  -3.8511791],0,1
G0361424.JPG,[ 18.095425 -13.26614 ],0,0
G0361425.JPG,[ 16.175455 -12.018198],0,0
G0361426.JPG,[ 19.06086  -15.665567],0,0
G0361427.JPG,[ 19.127155 -16.131021],0,0
G0361428.JPG,[ 17.793922 -14.721664],0,0
G0361429.JPG,[ 22.994009 -20.8937  ],0,0
G0361430.JPG,[-4.549399  9.47756 ],1,1
G0361431.JPG,[12.993213 -7.524613],0,0
G0361432.JPG,[ 14.587772 -11.33568 ],0,0
G0361433.JPG,[ 15.910652 -11.533045],0,0
G0361434.JPG,[ 24.703806 -24.007078],0,0
G0361435.JPG,[ 25.300266 -23.606874],0,0
G0361436.JPG,[ 21.51442  -19.987947],0,0
G0361437.JPG,[-0.96569556  6.211227  ],1,0
G0361438.JPG,[1.6273494 2.883027 ],1,1
G0361439.JPG,[ 22.045412 -19.399437],0,0
G0361440.JPG,[11.420489  -7.9156194],0,0
G0361441.JPG,[ 19.520454 -17.30795 ],0,0
G0361442.JPG,[ 19.518488 -16.613222],0,0
G0361443.JPG,[ 24.714245 -23.110977],0,0
G0361444.JPG,[-2.5820434  7.895214 ],1,0
G0361445.JPG,[-0.21964693  5.4385858 ],1,1
G0361446.JPG,[ 23.02583  -20.612795],0,0
G0361447.JPG,[ 18.677061  -15.4970665],0,0
G0361448.JPG,[ 20.459827 -17.577549],0,0
G0361449.JPG,[ 20.989025 -19.20472 ],0,0
G0361450.JPG,[ 23.543095 -22.49484 ],0,0
G0361451.JPG,[13.850561 -9.768415],0,0
G0361452.JPG,[-3.9158144  8.741771 ],1,1
G0361453.JPG,[ 17.15086  -12.965687],0,0
G0361454.JPG,[ 22.362171 -19.715158],0,0
G0361455.JPG,[ 15.986029 -11.101788],0,0
G0361456.JPG,[11.80678  -6.929703],0,0
G0361457.JPG,[ 19.98142  -17.060276],0,0
G0361458.JPG,[ 26.87656  -25.669716],0,0
G0361459.JPG,[-6.0363007 11.262821 ],1,1
G0361460.JPG,[ 6.849176  -1.4696739],0,0
G0361461.JPG,[ 20.951715 -17.44209 ],0,0
G0361462.JPG,[ 24.187746 -22.80901 ],0,0
G0361463.JPG,[ 20.586796 -17.982443],0,0
G0361464.JPG,[ 21.199194 -19.547596],0,0
G0361465.JPG,[ 18.359379 -15.408419],0,0
G0361466.JPG,[0.9255117 3.9217434],1,0
G0361467.JPG,[-5.7472095 10.950096 ],1,1
G0361468.JPG,[ 20.361858 -15.531643],0,0
G0361469.JPG,[ 14.224307 -10.39403 ],0,0
G0361470.JPG,[ 21.757915 -18.919256],0,0
G0361471.JPG,[ 20.28117  -17.658619],0,0
G0361472.JPG,[ 24.047907 -23.22216 ],0,0
G0361473.JPG,[ 6.3575373 -1.4171906],0,0
G0361474.JPG,[2.1696825 2.8780437],1,1
G0361475.JPG,[ 19.550138 -14.404173],0,0
G0361476.JPG,[ 19.567596 -15.128576],0,0
G0361477.JPG,[ 15.219487 -12.421091],0,0
G0361478.JPG,[ 17.88078  -14.754103],0,0
G0361479.JPG,[ 19.71175  -16.756746],0,0
G0361480.JPG,[ 6.328967  -1.9130998],0,0
G0361481.JPG,[0.37662414 4.4046884 ],1,1
G0361482.JPG,[ 7.98316   -4.2806253],0,0
G0361483.JPG,[ 8.459431  -4.6836853],0,0
G0361484.JPG,[ 6.9547787 -3.1330094],0,0
G0350686.JPG,[ 7.6448064 -3.619269 ],0,0
G0350687.JPG,[14.934134 -9.689369],0,0
G0350688.JPG,[12.188787  -7.4737706],0,0
G0350689.JPG,[ 14.37192  -10.414022],0,0
G0350690.JPG,[0.6344606 2.8665152],1,0
G0350691.JPG,[2.6526713 2.5442348],0,1
G0350692.JPG,[3.0643792 1.8258102],0,0
G0350693.JPG,[ 20.31241 -15.7806 ],0,0
G0350694.JPG,[ 6.5469966 -3.1133704],0,0
G0350695.JPG,[ 16.695822 -12.083366],0,0
G0350696.JPG,[ 22.636398 -19.914131],0,0
G0350697.JPG,[ 19.623234 -16.894333],0,0
G0350698.JPG,[-8.780664 14.464788],1,1
G0350699.JPG,[1.9394174 3.3182945],1,0
G0350700.JPG,[ 20.648235 -17.157902],0,0
G0350701.JPG,[ 18.10101  -13.706335],0,0
G0350702.JPG,[ 20.11993  -17.065516],0,0
G0350703.JPG,[ 18.740103 -14.941818],0,0
G0350704.JPG,[ 16.9751    -13.5199375],0,0
G0350705.JPG,[11.021471 -5.617276],0,1
G0350706.JPG,[3.7340841 1.4622334],0,0
G0350707.JPG,[ 18.525076 -14.123516],0,0
G0350708.JPG,[ 18.704937 -14.825865],0,0
G0350709.JPG,[ 20.352049 -16.862968],0,0
G0350710.JPG,[ 18.74165  -16.659231],0,0
G0350711.JPG,[ 20.47289 -17.27794],0,0
G0350712.JPG,[13.425278 -7.868338],0,0
G0350713.JPG,[ 6.3082576 -1.1310344],0,1
G0350714.JPG,[11.586417 -6.14205 ],0,0
G0350715.JPG,[ 21.050514 -18.36447 ],0,0
G0350716.JPG,[ 19.561136 -17.01306 ],0,0
G0350717.JPG,[ 17.131008 -12.915497],0,0
G0350718.JPG,[ 23.926422 -21.225712],0,0
G0350719.JPG,[ 9.871025 -5.617166],0,0
G0350720.JPG,[0.7605703 4.5809593],1,1
G0350721.JPG,[14.042414 -9.694216],0,0
G0350722.JPG,[ 22.1147 -19.6972],0,0
G0350723.JPG,[10.405404 -6.397764],0,0
G0350724.JPG,[11.419302 -7.318155],0,0
G0350725.JPG,[ 25.55826  -23.257582],0,0
G0350726.JPG,[ 16.878548 -13.02549 ],0,0
G0350727.JPG,[ 8.330365  -3.4576712],0,0
G0350728.JPG,[4.4072633  0.91165006],0,1
G0350729.JPG,[ 22.26907 -18.19428],0,0
G0350730.JPG,[12.089887 -8.318842],0,0
G0350731.JPG,[ 15.033814 -10.960289],0,0
G0350732.JPG,[ 23.11206  -21.988913],0,0
G0350733.JPG,[ 18.637506 -14.402912],0,0
G0350734.JPG,[-3.6198616  8.418428 ],1,1
G0350735.JPG,[ 6.2766557 -1.910672 ],0,0
G0350736.JPG,[ 20.414314 -17.627003],0,0
G0350737.JPG,[ 21.181913 -17.935257],0,0
G0350738.JPG,[ 16.625309 -12.245546],0,0
G0350739.JPG,[ 18.942083 -16.381763],0,0
G0350740.JPG,[ 21.600155 -19.014124],0,0
G0350741.JPG,[ 14.683589 -10.189798],0,0
G0350742.JPG,[-5.1007986 10.260422 ],1,1
G0350743.JPG,[ 17.153591 -12.074869],0,0
G0350744.JPG,[ 17.870876 -15.079336],0,0
G0350745.JPG,[ 18.387323 -15.119616],0,0
G0350746.JPG,[ 20.327427 -17.483011],0,0
G0350747.JPG,[ 20.538809 -17.08177 ],0,0
G0350748.JPG,[ 17.82578  -14.079136],0,0
G0350749.JPG,[1.0386397 3.8948455],1,1
G0350750.JPG,[ 17.480669 -12.492258],0,0
G0350751.JPG,[ 19.875885 -16.579535],0,0
G0350752.JPG,[ 19.396051 -16.024557],0,0
G0350753.JPG,[ 17.087048 -13.601908],0,0
G0350754.JPG,[ 18.290354 -14.145496],0,0
G0350755.JPG,[12.944911  -7.8388247],0,0
G0350756.JPG,[-0.24064112  5.2541385 ],1,1
G0350757.JPG,[14.800856 -8.963865],0,0
G0350758.JPG,[12.095752 -8.277998],0,0
G0350759.JPG,[ 18.535683 -13.913866],0,0
G0350760.JPG,[ 4.984806  -0.6264616],0,0
G0350761.JPG,[ 20.611734 -18.30915 ],0,0
G0350762.JPG,[ 27.47535 -26.77583],0,0
G0350763.JPG,[0.23799735 5.1091924 ],1,1
G0350764.JPG,[-0.63974553  5.8092604 ],1,0
G0350765.JPG,[ 20.26238  -17.710485],0,0
G0350766.JPG,[ 19.85956  -16.057274],0,0
G0350767.JPG,[12.641694 -9.099382],0,0
G0350768.JPG,[ 17.489044 -14.51457 ],0,0
G0350769.JPG,[ 25.845182 -24.294468],0,0
G0350770.JPG,[ 7.8136573 -2.963397 ],0,1
G0350771.JPG,[-3.3597999  8.51605  ],1,0
G0350772.JPG,[ 16.674875  -11.6966915],0,0
G0350773.JPG,[ 17.74716  -13.174524],0,0
G0350774.JPG,[ 17.717875 -14.339773],0,0
G0350775.JPG,[ 18.336908 -15.345327],0,0
G0350776.JPG,[ 20.6405   -17.866869],0,0
G0350777.JPG,[3.3412902 1.6531116],0,1
G0350778.JPG,[1.2176915 3.1998792],1,0
G0350779.JPG,[12.239738  -7.8849025],0,0
G0350780.JPG,[ 15.759296 -12.212835],0,0
G0350781.JPG,[ 20.538733 -18.794813],0,0
G0350782.JPG,[ 22.214405 -19.627645],0,0
G0350783.JPG,[ 22.04573  -20.082159],0,0
G0350784.JPG,[ 20.814316 -18.878212],0,0
G0350785.JPG,[-2.1433744  7.3292913],1,1
G0350786.JPG,[4.3328686 0.4460268],0,0
G0350787.JPG,[ 16.509958 -10.831739],0,0
G0350788.JPG,[ 16.768827 -12.679611],0,0
G0350789.JPG,[ 23.24234 -19.64253],0,0
G0350790.JPG,[ 16.924528 -13.32814 ],0,0
G0350791.JPG,[ 22.645144 -20.10352 ],0,0
G0350792.JPG,[ 6.928038  -1.7458291],0,0
G0350793.JPG,[-0.09352952  4.495368  ],1,1
G0350794.JPG,[14.363306 -9.023565],0,0
G0350795.JPG,[ 15.174866 -10.630432],0,0
G0350796.JPG,[ 18.342161 -14.54929 ],0,0
G0350797.JPG,[ 18.26827  -14.834957],0,0
G0350798.JPG,[ 18.127533 -15.121998],0,0
G0350799.JPG,[ 22.983128 -20.559689],0,0
G0350800.JPG,[-1.0204313  6.2444253],1,1
G0350801.JPG,[ 9.475631 -3.992763],0,0
G0350802.JPG,[13.519528 -9.529329],0,0
G0350803.JPG,[13.054656 -9.13633 ],0,0
G0350804.JPG,[13.1193075 -9.22773  ],0,0
G0350805.JPG,[ 19.463898 -16.831022],0,0
G0350806.JPG,[ 21.531675 -19.27773 ],0,0
G0350807.JPG,[-4.7899675  9.733061 ],1,0
G0350808.JPG,[ 5.6939096 -0.5064635],0,1
G0350809.JPG,[ 21.977419 -18.596294],0,0
G0350810.JPG,[ 15.46382  -11.664701],0,0
G0350811.JPG,[ 17.650955 -13.75539 ],0,0
G0350812.JPG,[ 20.189552 -17.130312],0,0
G0350813.JPG,[ 19.926735 -17.073763],0,0
G0350814.JPG,[ 17.188408 -13.512705],0,0
G0350815.JPG,[-4.8749847 10.0016365],1,1
G0350816.JPG,[11.013843 -6.246307],0,0
G0350817.JPG,[ 19.341019 -15.225893],0,0
G0350818.JPG,[ 9.42018  -4.662722],0,0
G0350819.JPG,[ 22.373236 -19.391806],0,0
G0350820.JPG,[ 15.8939705 -12.595097 ],0,0
G0350821.JPG,[ 9.833734  -4.8574743],0,1
G0350822.JPG,[-8.740657 14.593004],1,0
G0350823.JPG,[ 15.239109 -10.303671],0,0
G0350824.JPG,[ 15.50439  -11.616621],0,0
G0350825.JPG,[ 15.229496 -11.062256],0,0
G0350826.JPG,[ 21.913525 -19.205471],0,0
G0350827.JPG,[ 20.418833 -17.958044],0,0
G0350828.JPG,[ 19.990795 -17.324404],0,0
G0350829.JPG,[-6.299764 11.482819],1,1
G0350830.JPG,[14.389256 -9.381367],0,0
G0350831.JPG,[12.185453  -7.3791976],0,0
G0350832.JPG,[11.120023 -6.863056],0,0
G0350833.JPG,[14.648453 -9.443506],0,0
G0350834.JPG,[ 16.072466 -11.651022],0,0
G0350835.JPG,[10.94659  -6.363816],0,0
G0350836.JPG,[3.6868727 1.6571965],0,1
G0350837.JPG,[0.27892315 4.7761827 ],1,0
G0350838.JPG,[ 18.090807 -13.315567],0,0
G0350839.JPG,[ 9.564965  -5.0151114],0,0
G0350840.JPG,[ 18.270836 -14.430996],0,0
G0350841.JPG,[ 19.849602 -17.435009],0,0
G0350842.JPG,[ 16.756584 -13.573715],0,0
G0350843.JPG,[ 14.517146 -10.157555],0,0
G0350844.JPG,[-2.30149   7.011461],1,1
G0350845.JPG,[-0.9502098  5.700048 ],1,0
G0350846.JPG,[ 18.651178 -14.365002],0,0
G0350847.JPG,[ 14.994091 -11.060139],0,0
G0350848.JPG,[ 14.196472 -10.749342],0,0
G0350849.JPG,[12.925298 -8.643421],0,0
G0350850.JPG,[ 8.686094 -3.451963],0,0
G0350851.JPG,[ 9.103183  -3.6635838],0,1
G0350852.JPG,[ 6.5778275 -1.5333927],0,0
G0350853.JPG,[ 14.207939 -10.636267],0,0
G0350854.JPG,[13.34065  -8.832214],0,0
G0350855.JPG,[ 18.710999 -15.583776],0,0
G0350856.JPG,[ 20.124056 -16.986101],0,0
G0350857.JPG,[ 18.53001 -15.37364],0,0
G0350858.JPG,[ 8.555839  -3.4849944],0,0
G0350859.JPG,[1.6424042 3.3569045],1,1
G0350860.JPG,[ 21.218239 -16.79168 ],0,0
G0350861.JPG,[ 20.903507 -17.922663],0,0
G0350862.JPG,[ 16.10371  -11.767319],0,0
G0350863.JPG,[ 15.39455  -12.047323],0,0
G0350864.JPG,[ 13.89099  -10.082676],0,0
G0350865.JPG,[ 19.415363 -15.831198],0,0
G0350866.JPG,[-1.4609087  6.117681 ],1,1
G0350867.JPG,[ 19.761942 -15.632456],0,0
G0350868.JPG,[ 18.633652 -15.09013 ],0,0
G0350869.JPG,[ 16.310434 -12.630812],0,0
G0350870.JPG,[ 17.034018 -13.709509],0,0
G0350871.JPG,[ 19.186153 -17.034794],0,0
G0350872.JPG,[ 14.373699 -10.119673],0,0
G0350873.JPG,[1.2925162 3.510833 ],1,1
G0350874.JPG,[14.043457 -8.764278],0,0
G0350875.JPG,[ 18.181805 -14.726809],0,0
G0350876.JPG,[ 18.223452 -15.086683],0,0
G0350877.JPG,[ 17.07134  -13.294775],0,0
G0350878.JPG,[ 20.52849 -16.62316],0,0
G0350879.JPG,[10.262146  -5.4239287],0,0
G0350880.JPG,[-3.9799757  8.978821 ],1,1
G0350881.JPG,[13.064887 -7.89502 ],0,0
G0350882.JPG,[ 21.10448  -18.030645],0,0
G0350883.JPG,[ 18.35508  -14.223003],0,0
G0350884.JPG,[ 15.553848 -11.880236],0,0
G0350885.JPG,[ 20.413473 -17.615452],0,0
G0350886.JPG,[ 16.936674 -12.923481],0,0
G0350887.JPG,[4.6286707  0.20247263],0,1
G0350888.JPG,[4.662494  1.0749247],0,0
G0350889.JPG,[ 16.817863 -12.070368],0,0
G0350890.JPG,[11.595913  -6.5929418],0,0
G0350891.JPG,[11.828444 -6.929563],0,0
G0350892.JPG,[ 18.844862 -16.434067],0,0
G0350893.JPG,[11.471386  -6.7924004],0,0
G0350894.JPG,[4.5989876 0.4027158],0,0
G0350895.JPG,[-2.3719041  7.3413234],1,1
G0350896.JPG,[ 18.856153 -14.755978],0,0
G0350897.JPG,[ 20.57229 -16.78699],0,0
G0350898.JPG,[ 18.168526 -14.212397],0,0
G0350899.JPG,[ 17.961405 -13.899548],0,0
G0350900.JPG,[ 17.37353  -14.355047],0,0
G0350901.JPG,[ 20.071207 -17.583126],0,0
G0350902.JPG,[4.1936393  0.76784503],0,0
G0350903.JPG,[-1.74774    6.3529277],1,1
G0350904.JPG,[ 22.340134 -19.524942],0,0
G0350905.JPG,[ 20.442867 -17.185099],0,0
G0350906.JPG,[ 16.402685 -12.370758],0,0
G0350907.JPG,[ 19.519045 -16.5702  ],0,0
G0350908.JPG,[ 20.150465 -16.831463],0,0
G0350909.JPG,[3.7932606 1.3300006],0,0
G0350910.JPG,[-4.369157  9.329361],1,1
G0350911.JPG,[ 20.642223 -17.693441],0,0
G0350912.JPG,[ 15.146054 -12.327259],0,0
G0350913.JPG,[ 16.275774 -11.793404],0,0
G0350914.JPG,[ 16.432878 -12.259676],0,0
G0350915.JPG,[ 19.470009 -17.010319],0,0
G0350916.JPG,[ 18.638832 -14.936806],0,0
G0350917.JPG,[12.753923  -7.4092402],0,0
G0350918.JPG,[4.0432334 1.2238224],0,1
G0350919.JPG,[ 20.067116 -17.35451 ],0,0
G0350920.JPG,[ 17.6625   -13.133673],0,0
G0350921.JPG,[ 18.380878 -15.734379],0,0
G0350922.JPG,[ 15.45658  -10.694466],0,0
G0350923.JPG,[ 18.520617 -15.215275],0,0
G0350924.JPG,[4.414609  0.6799408],0,0
G0350925.JPG,[-3.288463  8.275084],1,1
G0350926.JPG,[ 21.874876 -18.695385],0,0
G0350927.JPG,[ 23.013317 -21.195751],0,0
G0350928.JPG,[ 19.03188  -15.985584],0,0
G0350929.JPG,[ 15.153186 -11.386515],0,0
G0350930.JPG,[ 19.26927  -16.070992],0,0
G0350931.JPG,[12.824123 -8.977833],0,0
G0350932.JPG,[-8.725019 14.364925],1,1
G0350933.JPG,[14.10805  -9.494041],0,0
G0350934.JPG,[ 18.193642 -12.83477 ],0,0
G0350935.JPG,[ 18.249346 -14.338741],0,0
G0350936.JPG,[13.132608 -8.737932],0,0
G0350937.JPG,[ 19.945799 -16.610508],0,0
G0350938.JPG,[11.382144 -7.030273],0,0
G0350939.JPG,[-6.7169375 12.004953 ],1,1
G0350940.JPG,[-1.4880097  6.265255 ],1,0
G0350941.JPG,[ 21.780987 -17.805288],0,0
G0350942.JPG,[ 23.580944 -21.102394],0,0
G0350943.JPG,[ 15.43808   -11.3564205],0,0
G0350944.JPG,[ 19.360474 -16.398922],0,0
G0350945.JPG,[ 18.026205 -14.684656],0,0
G0350946.JPG,[2.4147856 2.29862  ],0,0
G0350947.JPG,[3.336927  1.3403199],0,1
G0350948.JPG,[ 18.506538 -15.16585 ],0,0
G0350949.JPG,[ 13.902659 -10.117901],0,0
G0350950.JPG,[ 14.679855 -10.480431],0,0
G0350951.JPG,[ 15.550105 -11.830284],0,0
G0350952.JPG,[ 22.517523 -19.860111],0,0
G0350953.JPG,[ 9.365464 -4.935337],0,0
G0350954.JPG,[-3.3143196  8.278582 ],1,1
G0350955.JPG,[ 16.031734 -11.546907],0,0
G0350956.JPG,[ 18.386425 -13.790117],0,0
G0350957.JPG,[13.391026 -9.311993],0,0
G0350958.JPG,[ 19.503614 -16.4497  ],0,0
G0350959.JPG,[ 19.978405 -16.845919],0,0
G0350960.JPG,[ 8.192863 -3.547855],0,0
G0350961.JPG,[-4.0151715  8.966173 ],1,1
G0350962.JPG,[ 14.950269 -10.235498],0,0
G0350963.JPG,[ 18.41693  -14.175589],0,0
G0350964.JPG,[ 19.195044 -15.533375],0,0
G0350965.JPG,[12.583707 -7.619248],0,0
G0350966.JPG,[ 18.120543 -15.520086],0,0
G0350967.JPG,[ 17.735806 -14.1658  ],0,0
G0350968.JPG,[-2.0388353  7.0845494],1,1
G0350969.JPG,[ 6.096292  -1.0269818],0,0
G0350970.JPG,[ 18.310814 -13.230467],0,0
G0350971.JPG,[ 17.751373 -13.562132],0,0
G0350972.JPG,[ 16.129171 -11.795233],0,0
G0350973.JPG,[ 17.597569 -14.352009],0,0
G0350974.JPG,[ 21.824558 -19.901955],0,0
G0350975.JPG,[11.440411  -6.5191593],0,0
G0350976.JPG,[-3.235237  8.178669],1,1
G0350977.JPG,[13.298254 -8.009977],0,0
G0350978.JPG,[ 16.364313 -12.008123],0,0
G0350979.JPG,[13.155415 -9.031458],0,0
G0350980.JPG,[ 16.064278 -11.529146],0,0
G0350981.JPG,[ 16.206724 -12.601976],0,0
G0350982.JPG,[ 14.148793  -10.2704735],0,0
G0350983.JPG,[-6.993789 12.378328],1,1
G0350984.JPG,[11.705792 -6.342524],0,0
G0350985.JPG,[ 16.14998  -11.291668],0,0
G0350986.JPG,[ 17.37897  -12.755295],0,0
G0350987.JPG,[11.3515    -6.4748607],0,0
G0350988.JPG,[ 18.96361  -16.063442],0,0
G0350989.JPG,[ 16.98025  -13.977741],0,0
G0350990.JPG,[ 4.8249316  -0.03634071],0,1
G0350991.JPG,[ 8.507048  -3.2719922],0,0
G0350992.JPG,[ 9.294239  -5.3476677],0,0
G0350993.JPG,[ 16.875635 -13.243795],0,0
G0350994.JPG,[ 17.759617 -13.958143],0,0
G0350995.JPG,[ 21.318974 -17.945354],0,0
G0350996.JPG,[ 23.03143  -19.754131],0,0
G0350997.JPG,[ 5.9776883 -1.1674683],0,0
G0350998.JPG,[-3.6907282  8.43196  ],1,1
G0350999.JPG,[ 15.670185 -10.092047],0,0
G0351000.JPG,[12.354935  -7.2484126],0,0
G0351001.JPG,[ 17.70301  -14.458757],0,0
G0351002.JPG,[12.608059 -7.924275],0,0
G0351003.JPG,[ 17.011034 -13.819708],0,0
G0351004.JPG,[ 15.068708 -10.113577],0,0
G0351005.JPG,[ 7.3981895 -2.4788845],0,1
G0351006.JPG,[1.1466528 3.6935272],1,0
G0351007.JPG,[13.590714 -9.387901],0,0
G0351008.JPG,[ 14.543712 -10.632572],0,0
G0351009.JPG,[ 17.407541 -13.404844],0,0
G0351010.JPG,[ 16.984236 -13.38188 ],0,0
G0351011.JPG,[ 16.611263 -12.162638],0,0
G0351012.JPG,[-2.2838264  7.0307336],1,1
G0351013.JPG,[ 15.256573 -10.754366],0,0
G0351014.JPG,[ 19.690212 -14.419693],0,0
G0351015.JPG,[ 17.252422 -13.18763 ],0,0
G0351016.JPG,[ 22.204592 -19.411867],0,0
G0351017.JPG,[ 15.827017 -11.915779],0,0
G0351018.JPG,[ 19.037985 -16.249876],0,0
G0351019.JPG,[4.0249004 1.3573508],0,0
G0351020.JPG,[-4.65717   9.894167],1,1
G0351021.JPG,[11.158362 -5.820805],0,0
G0351022.JPG,[ 16.9245   -12.074606],0,0
G0351023.JPG,[ 17.106514 -13.333042],0,0
G0351024.JPG,[12.057206 -7.881041],0,0
G0351025.JPG,[ 8.240972  -3.9828744],0,0
G0351026.JPG,[1.5601758 2.4077842],1,0
G0351027.JPG,[-2.567697  6.820615],1,1
G0351028.JPG,[ 9.848797 -5.594251],0,0
G0351029.JPG,[ 7.8983607 -3.7565265],0,0
G0351030.JPG,[ 8.409275  -3.8646512],0,0
G0351031.JPG,[ 8.579848 -4.529382],0,0
G0351032.JPG,[10.94367  -7.528339],0,0
G0351033.JPG,[ 6.7757626 -2.4731407],0,0
G0351034.JPG,[-4.5727043  9.500015 ],1,1
G0351035.JPG,[14.100211 -8.401287],0,0
G0351036.JPG,[15.119438 -9.245684],0,0
G0351037.JPG,[12.714657 -7.93173 ],0,0
G0351038.JPG,[ 19.521362 -15.944893],0,0
G0351039.JPG,[ 24.43609  -22.462051],0,0
G0351040.JPG,[12.054051 -7.135697],0,0
G0351041.JPG,[-3.015889   7.8369336],1,1
G0351042.JPG,[ 17.47747   -13.9190235],0,0
G0351043.JPG,[ 20.10501  -16.489264],0,0
G0351044.JPG,[ 17.709908 -13.680258],0,0
G0351045.JPG,[ 18.7748   -16.783869],0,0
G0351046.JPG,[ 19.3051  -16.99821],0,0
G0351047.JPG,[ 21.946922 -19.277388],0,0
G0351048.JPG,[ 5.7420774 -0.6767731],0,0
G0351049.JPG,[-3.2832346  8.320901 ],1,1
G0351050.JPG,[ 20.293997 -17.079872],0,0
G0351051.JPG,[ 14.852769 -10.530262],0,0
G0351052.JPG,[ 16.059385 -11.496502],0,0
G0351053.JPG,[ 19.096943 -15.020031],0,0
G0351054.JPG,[ 20.139925 -17.578854],0,0
G0351055.JPG,[ 15.17454  -10.921438],0,0
G0351056.JPG,[-3.3021789  8.243834 ],1,1
G0351057.JPG,[-1.6069274  6.564526 ],1,0
G0351058.JPG,[ 16.150692 -11.889843],0,0
G0351059.JPG,[ 15.918921 -11.869181],0,0
G0351060.JPG,[ 18.593582 -15.296885],0,0
G0351061.JPG,[ 19.98478  -18.591381],0,0
G0351062.JPG,[ 15.487944  -12.4143715],0,0
G0351063.JPG,[12.239    -7.352761],0,0
G0351064.JPG,[-2.3647761  6.979504 ],1,1
G0351065.JPG,[13.226745 -8.084999],0,0
G0351066.JPG,[ 21.620075 -19.269241],0,0
G0351067.JPG,[ 16.630726 -13.036755],0,0
G0351068.JPG,[ 18.819439 -16.004253],0,0
G0351069.JPG,[ 24.783422 -22.286976],0,0
G0351070.JPG,[10.846735  -5.5942054],0,0
G0351071.JPG,[3.0531952 2.0292876],0,1
G0351072.JPG,[4.1047792 1.0625254],0,0
G0351073.JPG,[14.084272 -9.195225],0,0
G0351074.JPG,[ 18.094107 -13.517792],0,0
G0351075.JPG,[ 16.838676 -13.720303],0,0
G0351076.JPG,[ 17.887815 -15.198395],0,0
G0351077.JPG,[13.608115 -9.553703],0,0
G0351078.JPG,[-6.461182 11.728924],1,1
G0351079.JPG,[11.035381  -6.0712013],0,0
G0351080.JPG,[11.189631  -6.9783015],0,0
G0351081.JPG,[ 16.988657 -13.121008],0,0
G0351082.JPG,[ 8.939848 -4.375316],0,0
G0351083.JPG,[ 9.409306 -4.480152],0,0
